{
  "playlists": [
    {
      "name": "😡😡😡",
      "lastModifiedDate": "2021-07-24",
      "items": [
        {
          "track": {
            "trackName": "27 (feat. Freeze Corleone)",
            "artistName": "DA Uzi",
            "albumName": "Vrai 2 vrai",
            "trackUri": "spotify:track:5zabbpohr451G1sCSECESW"
          },
          "episode": null,
          "localTrack": null
        }
      ],
      "description": null,
      "numberOfFollowers": 0
    },
    {
      "name": "🐈🐈‍⬛❤️",
      "lastModifiedDate": "2021-05-25",
      "items": [
        {
          "track": {
            "trackName": "High For This",
            "artistName": "The Weeknd",
            "albumName": "Trilogy",
            "trackUri": "spotify:track:5fohLPNqO6TqwrZ7BoUWUT"
          },
          "episode": null,
          "localTrack": null
        },
        {
          "track": {
            "trackName": "Sweat",
            "artistName": "ZAYN",
            "albumName": "Nobody Is Listening",
            "trackUri": "spotify:track:6ZHRi0QxzSnlevyhyNkj4a"
          },
          "episode": null,
          "localTrack": null
        },
        {
          "track": {
            "trackName": "I'd Love To Change The World - Matstubs Remix",
            "artistName": "Jetta",
            "albumName": "I'd Love To Change The World",
            "trackUri": "spotify:track:41oWiFvBdeS6srKVl20hmt"
          },
          "episode": null,
          "localTrack": null
        },
        {
          "track": {
            "trackName": "I Put A Spell On You (Fifty Shades of Grey) - From \"Fifty Shades Of Grey\" Soundtrack",
            "artistName": "Annie Lennox",
            "albumName": "Fifty Shades Of Grey",
            "trackUri": "spotify:track:32YHCNItnCdiYaPbw0uTo8"
          },
          "episode": null,
          "localTrack": null
        },
        {
          "track": {
            "trackName": "Crazy In Love - From The \"Fifty Shades Of Grey\" Soundtrack",
            "artistName": "Beyoncé",
            "albumName": "Fifty Shades Of Grey",
            "trackUri": "spotify:track:38OWHV80YwfFMir6aHYb8B"
          },
          "episode": null,
          "localTrack": null
        },
        {
          "track": {
            "trackName": "Earned It (Fifty Shades Of Grey) - From The \"Fifty Shades Of Grey\" Soundtrack",
            "artistName": "The Weeknd",
            "albumName": "Earned It (Fifty Shades Of Grey)",
            "trackUri": "spotify:track:2PIvq1pGrUjY007X5y1UpM"
          },
          "episode": null,
          "localTrack": null
        },
        {
          "track": {
            "trackName": "Feeling Good",
            "artistName": "Avicii",
            "albumName": "Feeling Good",
            "trackUri": "spotify:track:7oDjaRDdf9zNQ8N3yRjQwF"
          },
          "episode": null,
          "localTrack": null
        },
        {
          "track": {
            "trackName": "Sex With Me",
            "artistName": "Rihanna",
            "albumName": "ANTI",
            "trackUri": "spotify:track:5FuqYDuS2U6ZFiZgTiSwKH"
          },
          "episode": null,
          "localTrack": null
        },
        {
          "track": {
            "trackName": "Call Out My Name",
            "artistName": "The Weeknd",
            "albumName": "My Dear Melancholy,",
            "trackUri": "spotify:track:09mEdoA6zrmBPgTEN5qXmN"
          },
          "episode": null,
          "localTrack": null
        },
        {
          "track": {
            "trackName": "Do I Wanna Know?",
            "artistName": "Arctic Monkeys",
            "albumName": "AM",
            "trackUri": "spotify:track:3jfr0TF6DQcOLat8gGn7E2"
          },
          "episode": null,
          "localTrack": null
        },
        {
          "track": {
            "trackName": "Easier",
            "artistName": "Mansionair",
            "albumName": "Shadowboxer",
            "trackUri": "spotify:track:6VfLQ8dYSnnY13DpDSMfuq"
          },
          "episode": null,
          "localTrack": null
        },
        {
          "track": {
            "trackName": "You & Me - Flume Remix",
            "artistName": "Disclosure",
            "albumName": "Settle (The Remixes)",
            "trackUri": "spotify:track:1snNAXmmPXCn0dkF9DaPWw"
          },
          "episode": null,
          "localTrack": null
        },
        {
          "track": {
            "trackName": "Trampoline (with ZAYN)",
            "artistName": "SHAED",
            "albumName": "Melt (Deluxe)",
            "trackUri": "spotify:track:2ez6qvOTHKeI3ss80NGqnI"
          },
          "episode": null,
          "localTrack": null
        },
        {
          "track": {
            "trackName": "Marvin Gaye (feat. Meghan Trainor)",
            "artistName": "Charlie Puth",
            "albumName": "Nine Track Mind",
            "trackUri": "spotify:track:3rKYiySCDMUKTw5kGVVhaa"
          },
          "episode": null,
          "localTrack": null
        },
        {
          "track": {
            "trackName": "Moonlight",
            "artistName": "Ariana Grande",
            "albumName": "Dangerous Woman",
            "trackUri": "spotify:track:4TZdeM7zelZGz6JPrXSEZ1"
          },
          "episode": null,
          "localTrack": null
        }
      ],
      "description": null,
      "numberOfFollowers": 1
    },
    {
      "name": "La teuf à Gennes 🎉",
      "lastModifiedDate": "2021-01-01",
      "items": [
        {
          "track": {
            "trackName": "You're The One That I Want - From “Grease”",
            "artistName": "John Travolta",
            "albumName": "Grease",
            "trackUri": "spotify:track:0B9x2BRHqj3Qer7biM3pU3"
          },
          "episode": null,
          "localTrack": null
        },
        {
          "track": {
            "trackName": "Bande organisée",
            "artistName": "Kofs",
            "albumName": "Bande organisée",
            "trackUri": "spotify:track:205HNJ73cgpC0LAOnuQiWT"
          },
          "episode": null,
          "localTrack": null
        },
        {
          "track": {
            "trackName": "Jolie nana",
            "artistName": "Aya Nakamura",
            "albumName": "AYA",
            "trackUri": "spotify:track:65RWVU6N81CeH65nu52K1U"
          },
          "episode": null,
          "localTrack": null
        },
        {
          "track": {
            "trackName": "Moulaga",
            "artistName": "Heuss L'enfoiré",
            "albumName": "Moulaga",
            "trackUri": "spotify:track:5BfCoUcWNXcpyJfjXRIeyC"
          },
          "episode": null,
          "localTrack": null
        },
        {
          "track": {
            "trackName": "En détente",
            "artistName": "Naps",
            "albumName": "On est fait pour ça",
            "trackUri": "spotify:track:5HerMpAegwiAAFOIXNCxED"
          },
          "episode": null,
          "localTrack": null
        },
        {
          "track": {
            "trackName": "Mr. Saxobeat",
            "artistName": "Klaas",
            "albumName": "Mr. Saxobeat",
            "trackUri": "spotify:track:2dmZy75CTSv6BFo7IbO0eK"
          },
          "episode": null,
          "localTrack": null
        },
        {
          "track": {
            "trackName": "My Salsa",
            "artistName": "Franglish",
            "albumName": "Monsieur",
            "trackUri": "spotify:track:7IJIj326qJJA6oi6EpFCBD"
          },
          "episode": null,
          "localTrack": null
        },
        {
          "track": {
            "trackName": "Djomb - Bien ou quoi",
            "artistName": "Bosh",
            "albumName": "Synkinisi",
            "trackUri": "spotify:track:0KBwGCY9RYD9t2zjeW4h48"
          },
          "episode": null,
          "localTrack": null
        },
        {
          "track": {
            "trackName": "Anissa",
            "artistName": "Wejdene",
            "albumName": "16",
            "trackUri": "spotify:track:0Bn0FdRa1qGWfjxF9l400U"
          },
          "episode": null,
          "localTrack": null
        },
        {
          "track": {
            "trackName": "JCVD",
            "artistName": "Jul",
            "albumName": "Rien 100 Rien",
            "trackUri": "spotify:track:10iesoGb4mCYTcur1QfdO9"
          },
          "episode": null,
          "localTrack": null
        },
        {
          "track": {
            "trackName": "Chandon et Moët (feat. Heuss l'Enfoiré)",
            "artistName": "PLK",
            "albumName": "Enna",
            "trackUri": "spotify:track:4XEYHjp86yaGfZOGT8CqPV"
          },
          "episode": null,
          "localTrack": null
        },
        {
          "track": {
            "trackName": "6.3",
            "artistName": "Naps",
            "albumName": "Carré VIP",
            "trackUri": "spotify:track:3lTL4LdFKVF51lseI2nk5D"
          },
          "episode": null,
          "localTrack": null
        },
        {
          "track": {
            "trackName": "Ne reviens pas",
            "artistName": "Gradur",
            "albumName": "Zone 59",
            "trackUri": "spotify:track:4TnFANpjVwVKWzkxNzIyFH"
          },
          "episode": null,
          "localTrack": null
        },
        {
          "track": {
            "trackName": "MACINTOSH",
            "artistName": "Gambi",
            "albumName": "LA VIE EST BELLE",
            "trackUri": "spotify:track:70yiVJoOUU6cNbdsgL6ADT"
          },
          "episode": null,
          "localTrack": null
        },
        {
          "track": {
            "trackName": "ON S'TAILLE",
            "artistName": "Gambi",
            "albumName": "LA VIE EST BELLE",
            "trackUri": "spotify:track:7LPJ5wxFOl7TrC92nsaxNq"
          },
          "episode": null,
          "localTrack": null
        },
        {
          "track": {
            "trackName": "MERCI LA HESS",
            "artistName": "Gambi",
            "albumName": "LA VIE EST BELLE",
            "trackUri": "spotify:track:160zxNCH76P3BK9Vv0twjO"
          },
          "episode": null,
          "localTrack": null
        },
        {
          "track": {
            "trackName": "10K",
            "artistName": "Bolémvn",
            "albumName": "Vol 169",
            "trackUri": "spotify:track:07pzk5h8p2qRowPZb3YBKC"
          },
          "episode": null,
          "localTrack": null
        },
        {
          "track": {
            "trackName": "JAUNÉ",
            "artistName": "Booba",
            "albumName": "JAUNÉ",
            "trackUri": "spotify:track:4fW3EMRzAfj8aNMsF3zMwt"
          },
          "episode": null,
          "localTrack": null
        },
        {
          "track": {
            "trackName": "Pilote (feat. Hamza)",
            "artistName": "PLK",
            "albumName": "Enna",
            "trackUri": "spotify:track:12GV2Wr4p1hBWQCrQcVsew"
          },
          "episode": null,
          "localTrack": null
        },
        {
          "track": {
            "trackName": "Joli bébé",
            "artistName": "Naza",
            "albumName": "Gros bébé",
            "trackUri": "spotify:track:1J4oMIhWDUd9cI1urhEyjl"
          },
          "episode": null,
          "localTrack": null
        },
        {
          "track": {
            "trackName": "Amour toxic",
            "artistName": "Dadju",
            "albumName": "Poison Ou Antidote",
            "trackUri": "spotify:track:70APCdHsWV5BEsacwjzXmd"
          },
          "episode": null,
          "localTrack": null
        },
        {
          "track": {
            "trackName": "À la fête",
            "artistName": "UZI",
            "albumName": "À la fête",
            "trackUri": "spotify:track:0qARyMVNjA6q1uxxO3nofB"
          },
          "episode": null,
          "localTrack": null
        },
        {
          "track": {
            "trackName": "On sait jamais (feat. Niska)",
            "artistName": "PLK",
            "albumName": "Enna",
            "trackUri": "spotify:track:216QmkNpU3hIjeZtGocb9B"
          },
          "episode": null,
          "localTrack": null
        },
        {
          "track": {
            "trackName": "Aristocrate",
            "artistName": "Heuss L'enfoiré",
            "albumName": "En esprit",
            "trackUri": "spotify:track:7gNlaZaMIjRUfnAYd9Dvmt"
          },
          "episode": null,
          "localTrack": null
        },
        {
          "track": {
            "trackName": "Calumet",
            "artistName": "Hornet La Frappe",
            "albumName": "Ma ruche",
            "trackUri": "spotify:track:4hCHnvepjWmpP2kgYuEC7d"
          },
          "episode": null,
          "localTrack": null
        },
        {
          "track": {
            "trackName": "POPOPOP",
            "artistName": "Gambi",
            "albumName": "LA VIE EST BELLE",
            "trackUri": "spotify:track:5f0TOjFP3c96TFHzKnx5ri"
          },
          "episode": null,
          "localTrack": null
        },
        {
          "track": {
            "trackName": "Blanche",
            "artistName": "Maes",
            "albumName": "Les derniers salopards",
            "trackUri": "spotify:track:5GyyPRvEwdI4wJSUbzxHQv"
          },
          "episode": null,
          "localTrack": null
        },
        {
          "track": {
            "trackName": "Street",
            "artistName": "Maes",
            "albumName": "Les derniers salopards",
            "trackUri": "spotify:track:7x3kHHEczVkeuuFkUKjUv7"
          },
          "episode": null,
          "localTrack": null
        },
        {
          "track": {
            "trackName": "Rari",
            "artistName": "Gradur",
            "albumName": "Zone 59",
            "trackUri": "spotify:track:24UpsIBzHloZfiimVLUUFx"
          },
          "episode": null,
          "localTrack": null
        },
        {
          "track": {
            "trackName": "Marie",
            "artistName": "Koba LaD",
            "albumName": "L'Affranchi",
            "trackUri": "spotify:track:4NcZKLjdfTJLpaCOspAjQn"
          },
          "episode": null,
          "localTrack": null
        },
        {
          "track": {
            "trackName": "Bâtiment",
            "artistName": "Niska",
            "albumName": "Mr Sal",
            "trackUri": "spotify:track:7FF6HRsQlc0CtfAbLmrEGX"
          },
          "episode": null,
          "localTrack": null
        },
        {
          "track": {
            "trackName": "Méchant",
            "artistName": "Niska",
            "albumName": "Mr Sal",
            "trackUri": "spotify:track:75bVc27bDSOAhMAL38cXpV"
          },
          "episode": null,
          "localTrack": null
        },
        {
          "track": {
            "trackName": "La zone est minée",
            "artistName": "Niska",
            "albumName": "Mr Sal",
            "trackUri": "spotify:track:1cBB5blGPlfKp5V1MQvihZ"
          },
          "episode": null,
          "localTrack": null
        },
        {
          "track": {
            "trackName": "93% [Tijuana]",
            "artistName": "GLK",
            "albumName": "Indécis",
            "trackUri": "spotify:track:6as0Q9RFNCufcus0mzHoDs"
          },
          "episode": null,
          "localTrack": null
        },
        {
          "track": {
            "trackName": "Jamais",
            "artistName": "Mister V",
            "albumName": "MVP",
            "trackUri": "spotify:track:4jB8td98pbRVvTqtQ7I3MI"
          },
          "episode": null,
          "localTrack": null
        },
        {
          "track": {
            "trackName": "Poropop",
            "artistName": "Naps",
            "albumName": "Carré VIP",
            "trackUri": "spotify:track:5QeG3Xi2KuAtgl5KsAOkjt"
          },
          "episode": null,
          "localTrack": null
        },
        {
          "track": {
            "trackName": "Coffre plein",
            "artistName": "Koba LaD",
            "albumName": "Détail",
            "trackUri": "spotify:track:70pkwEEG7nDTXBFqoGQkH0"
          },
          "episode": null,
          "localTrack": null
        },
        {
          "track": {
            "trackName": "Macaroni (feat. Ninho)",
            "artistName": "Leto",
            "albumName": "100 visages",
            "trackUri": "spotify:track:4Z9CNGHElj2rLkB8mQdvnA"
          },
          "episode": null,
          "localTrack": null
        },
        {
          "track": {
            "trackName": "Wati by Night",
            "artistName": "Sexion d'Assaut",
            "albumName": "L'école des points vitaux",
            "trackUri": "spotify:track:4g0kyRLFKBYFxDF1vCxj8v"
          },
          "episode": null,
          "localTrack": null
        },
        {
          "track": {
            "trackName": "Dolce Vita",
            "artistName": "Booba",
            "albumName": "Dolce Vita",
            "trackUri": "spotify:track:0oHUBAmUVHjbMDNx0vNPi4"
          },
          "episode": null,
          "localTrack": null
        },
        {
          "track": {
            "trackName": "MAMACITA",
            "artistName": "Black Eyed Peas",
            "albumName": "Translation",
            "trackUri": "spotify:track:24IgCW19L8lXKyFZwzFtD3"
          },
          "episode": null,
          "localTrack": null
        },
        {
          "track": {
            "trackName": "PUFF PUFF PUFF",
            "artistName": "Gambi",
            "albumName": "LA VIE EST BELLE",
            "trackUri": "spotify:track:5NhOdJFms3DKXuitc9rSoL"
          },
          "episode": null,
          "localTrack": null
        }
      ],
      "description": null,
      "numberOfFollowers": 2
    },
    {
      "name": "MISsionnaire Nostalgie 🌀",
      "lastModifiedDate": "2020-02-25",
      "items": [
        {
          "track": {
            "trackName": "Dynamite",
            "artistName": "Taio Cruz",
            "albumName": "The Rokstarr Hits Collection",
            "trackUri": "spotify:track:2CEgGE6aESpnmtfiZwYlbV"
          },
          "episode": null,
          "localTrack": null
        },
        {
          "track": {
            "trackName": "Hey You",
            "artistName": "Pony Pony Run Run",
            "albumName": "Hey You",
            "trackUri": "spotify:track:33wtOrINFmeERJsRPfoSVw"
          },
          "episode": null,
          "localTrack": null
        },
        {
          "track": {
            "trackName": "Give Me a Sign - Radio Edit",
            "artistName": "Remady",
            "albumName": "Give Me a Sign",
            "trackUri": "spotify:track:4IpZNV8OTa1T4MckSmK9q1"
          },
          "episode": null,
          "localTrack": null
        },
        {
          "track": {
            "trackName": "Give Me Everything (feat. Ne-Yo, Afrojack & Nayer)",
            "artistName": "Pitbull",
            "albumName": "Planet Pit (Deluxe Version)",
            "trackUri": "spotify:track:4QNpBfC0zvjKqPJcyqBy9W"
          },
          "episode": null,
          "localTrack": null
        },
        {
          "track": {
            "trackName": "Good Feeling",
            "artistName": "Flo Rida",
            "albumName": "Wild Ones",
            "trackUri": "spotify:track:2LEF1A8DOZ9wRYikWgVlZ8"
          },
          "episode": null,
          "localTrack": null
        },
        {
          "track": {
            "trackName": "Mr Saxobeat - Radio Edit",
            "artistName": "Alexandra Stan",
            "albumName": "Dancefloor 2012",
            "trackUri": "spotify:track:2MRfJlM5Twn8sJmDEM1vRd"
          },
          "episode": null,
          "localTrack": null
        },
        {
          "track": {
            "trackName": "No Superstar",
            "artistName": "Remady",
            "albumName": "No Superstar",
            "trackUri": "spotify:track:0OCK2mALx4ihLobWYSJydg"
          },
          "episode": null,
          "localTrack": null
        },
        {
          "track": {
            "trackName": "On The Floor",
            "artistName": "Jennifer Lopez",
            "albumName": "Love?",
            "trackUri": "spotify:track:3C0nOe05EIt1390bVABLyN"
          },
          "episode": null,
          "localTrack": null
        },
        {
          "track": {
            "trackName": "Party Rock Anthem",
            "artistName": "LMFAO",
            "albumName": "Sorry For Party Rocking",
            "trackUri": "spotify:track:7mitXLIMCflkhZiD34uEQI"
          },
          "episode": null,
          "localTrack": null
        },
        {
          "track": {
            "trackName": "Rock That Body",
            "artistName": "Black Eyed Peas",
            "albumName": "THE E.N.D. (THE ENERGY NEVER DIES)",
            "trackUri": "spotify:track:2WQ09wqQBIOor7Q0VpIDBK"
          },
          "episode": null,
          "localTrack": null
        },
        {
          "track": {
            "trackName": "Stereo Love (Radio Edit)",
            "artistName": "Edward Maya",
            "albumName": "Stereo Love",
            "trackUri": "spotify:track:5tJIotzBga9qM6HIZ3Firt"
          },
          "episode": null,
          "localTrack": null
        },
        {
          "track": {
            "trackName": "Waka Waka (This Time for Africa) [The Official 2010 FIFA World Cup (TM) Song] (feat. Freshlyground)",
            "artistName": "Shakira",
            "albumName": "Waka Waka (This Time for Africa) [The Official 2010 FIFA World Cup (TM) Song] (feat. Freshlyground)",
            "trackUri": "spotify:track:2Cd9iWfcOpGDHLz6tVA3G4"
          },
          "episode": null,
          "localTrack": null
        },
        {
          "track": {
            "trackName": "Wati by Night",
            "artistName": "Sexion d'Assaut",
            "albumName": "L'école des points vitaux",
            "trackUri": "spotify:track:4g0kyRLFKBYFxDF1vCxj8v"
          },
          "episode": null,
          "localTrack": null
        },
        {
          "track": {
            "trackName": "Where Them Girls At (feat. Nicki Minaj & Flo Rida)",
            "artistName": "David Guetta",
            "albumName": "Nothing but the Beat",
            "trackUri": "spotify:track:7ks6AZmFcm3Y6PGGxGSmlB"
          },
          "episode": null,
          "localTrack": null
        },
        {
          "track": {
            "trackName": "Whistle",
            "artistName": "Flo Rida",
            "albumName": "Wild Ones",
            "trackUri": "spotify:track:3bC1ahPIYt1btJzSSEyyrF"
          },
          "episode": null,
          "localTrack": null
        },
        {
          "track": {
            "trackName": "Who's That Chick? (feat. Rihanna)",
            "artistName": "David Guetta",
            "albumName": "One More Love",
            "trackUri": "spotify:track:64r1Dcco8Vj0inAZgEK05a"
          },
          "episode": null,
          "localTrack": null
        },
        {
          "track": {
            "trackName": "Womanizer",
            "artistName": "Britney Spears",
            "albumName": "Circus (Deluxe Version)",
            "trackUri": "spotify:track:4fixebDZAVToLbUCuEloa2"
          },
          "episode": null,
          "localTrack": null
        },
        {
          "track": {
            "trackName": "Ambiance à l'africaine",
            "artistName": "Magic System",
            "albumName": "Touté kalé",
            "trackUri": "spotify:track:21laPESsH4dri1JmqKUQ6X"
          },
          "episode": null,
          "localTrack": null
        },
        {
          "track": {
            "trackName": "TiK ToK",
            "artistName": "Kesha",
            "albumName": "Animal (Expanded Edition)",
            "trackUri": "spotify:track:0HPD5WQqrq7wPWR7P7Dw1i"
          },
          "episode": null,
          "localTrack": null
        },
        {
          "track": {
            "trackName": "Moves Like Jagger",
            "artistName": "Maroon 5",
            "albumName": "Singles",
            "trackUri": "spotify:track:1r299qCKBLgUS9XJ9m1kEx"
          },
          "episode": null,
          "localTrack": null
        },
        {
          "track": {
            "trackName": "Replay",
            "artistName": "Iyaz",
            "albumName": "Replay",
            "trackUri": "spotify:track:4E5P1XyAFtrjpiIxkydly4"
          },
          "episode": null,
          "localTrack": null
        },
        {
          "track": {
            "trackName": "Beggin - Original Version",
            "artistName": "Madcon",
            "albumName": "Beggin",
            "trackUri": "spotify:track:7eXrGBrl1mBKhxlWX0IoOQ"
          },
          "episode": null,
          "localTrack": null
        },
        {
          "track": {
            "trackName": "International Love (feat. Chris Brown)",
            "artistName": "Pitbull",
            "albumName": "Planet Pit (Deluxe Version)",
            "trackUri": "spotify:track:62zFEHfAYl5kdHYOivj4BC"
          },
          "episode": null,
          "localTrack": null
        },
        {
          "track": {
            "trackName": "Acceptable in the 80's",
            "artistName": "Calvin Harris",
            "albumName": "I Created Disco",
            "trackUri": "spotify:track:00cxhG668jV6gU6VK2FUVI"
          },
          "episode": null,
          "localTrack": null
        },
        {
          "track": {
            "trackName": "Titanium (feat. Sia)",
            "artistName": "David Guetta",
            "albumName": "Nothing but the Beat",
            "trackUri": "spotify:track:0TDLuuLlV54CkRRUOahJb4"
          },
          "episode": null,
          "localTrack": null
        },
        {
          "track": {
            "trackName": "Turn Me On (feat. Nicki Minaj)",
            "artistName": "David Guetta",
            "albumName": "Nothing but the Beat",
            "trackUri": "spotify:track:6T27IN7Ai94BeDv6PPCmoC"
          },
          "episode": null,
          "localTrack": null
        },
        {
          "track": {
            "trackName": "DJ Got Us Fallin' In Love (feat. Pitbull)",
            "artistName": "Usher",
            "albumName": "Raymond v Raymond (Expanded Edition)",
            "trackUri": "spotify:track:4356Typ82hUiFAynbLYbPn"
          },
          "episode": null,
          "localTrack": null
        },
        {
          "track": {
            "trackName": "This Is Love",
            "artistName": "will.i.am",
            "albumName": "#willpower",
            "trackUri": "spotify:track:7IohFKIwrb75c4XaqX7WWo"
          },
          "episode": null,
          "localTrack": null
        },
        {
          "track": {
            "trackName": "Written in the Stars (feat. Eric Turner)",
            "artistName": "Tinie Tempah",
            "albumName": "Written in the Stars (feat. Eric Turner)",
            "trackUri": "spotify:track:5m5TRf7ggoguXtcXQGprN4"
          },
          "episode": null,
          "localTrack": null
        },
        {
          "track": {
            "trackName": "Ai Se Eu Te Pego - Ao Vivo",
            "artistName": "Michel Teló",
            "albumName": "Na Balada",
            "trackUri": "spotify:track:46aIq2GKW7Vr6i4g2Vvycd"
          },
          "episode": null,
          "localTrack": null
        },
        {
          "track": {
            "trackName": "Balada - Ao Vivo",
            "artistName": "Gusttavo Lima",
            "albumName": "Gusttavo Lima e Você (Ao Vivo)",
            "trackUri": "spotify:track:0zZnBbRW4Dt4cJKVtUQFwF"
          },
          "episode": null,
          "localTrack": null
        },
        {
          "track": {
            "trackName": "No Stress",
            "artistName": "Laurent Wolf",
            "albumName": "No Stress",
            "trackUri": "spotify:track:4UMPPga9jtAqvZSKjxeJ29"
          },
          "episode": null,
          "localTrack": null
        },
        {
          "track": {
            "trackName": "Sexy Bitch (feat. Akon)",
            "artistName": "David Guetta",
            "albumName": "One More Love",
            "trackUri": "spotify:track:6XjN4IF5nIVwGJWLgMdtjR"
          },
          "episode": null,
          "localTrack": null
        },
        {
          "track": {
            "trackName": "Whatcha Say",
            "artistName": "Jason Derulo",
            "albumName": "Jason Derulo",
            "trackUri": "spotify:track:7xkQdy0cy5ymoWT7nedvLz"
          },
          "episode": null,
          "localTrack": null
        },
        {
          "track": {
            "trackName": "Bangarang (feat. Sirah)",
            "artistName": "Skrillex",
            "albumName": "Bangarang EP",
            "trackUri": "spotify:track:6VRhkROS2SZHGlp0pxndbJ"
          },
          "episode": null,
          "localTrack": null
        },
        {
          "track": {
            "trackName": "Save The World",
            "artistName": "Swedish House Mafia",
            "albumName": "Save The World",
            "trackUri": "spotify:track:65hRZOQkVjmBdusz1N7aOv"
          },
          "episode": null,
          "localTrack": null
        },
        {
          "track": {
            "trackName": "Like A G6",
            "artistName": "Far East Movement",
            "albumName": "Free Wired",
            "trackUri": "spotify:track:5AyL2kgLtTWEu3qO3B9SqK"
          },
          "episode": null,
          "localTrack": null
        },
        {
          "track": {
            "trackName": "Ready 2 Go",
            "artistName": "Martin Solveig",
            "albumName": "Smash",
            "trackUri": "spotify:track:7hNCLbQCzuAKLNbU5yAWJz"
          },
          "episode": null,
          "localTrack": null
        },
        {
          "track": {
            "trackName": "Coming Home",
            "artistName": "Diddy - Dirty Money",
            "albumName": "Last Train To Paris",
            "trackUri": "spotify:track:6Iocm6VMu6bVNYwiDoyQFW"
          },
          "episode": null,
          "localTrack": null
        },
        {
          "track": {
            "trackName": "Airplanes (feat. Hayley Williams of Paramore)",
            "artistName": "B.o.B",
            "albumName": "B.o.B Presents: The Adventures of Bobby Ray",
            "trackUri": "spotify:track:6lV2MSQmRIkycDScNtrBXO"
          },
          "episode": null,
          "localTrack": null
        },
        {
          "track": {
            "trackName": "Hangover",
            "artistName": "Taio Cruz",
            "albumName": "TY.O",
            "trackUri": "spotify:track:5pmL3RzOy3IvGFaSDi4hZL"
          },
          "episode": null,
          "localTrack": null
        },
        {
          "track": {
            "trackName": "Welcome To St. Tropez - DJ Antoine vs. Timati / DJ Antoine vs. Mad Mark Radio Edit",
            "artistName": "DJ Antoine",
            "albumName": "Welcome To St. Tropez",
            "trackUri": "spotify:track:5RnV1VyekJFY636bhm2HQr"
          },
          "episode": null,
          "localTrack": null
        },
        {
          "track": {
            "trackName": "Thrift Shop (feat. Wanz)",
            "artistName": "Macklemore & Ryan Lewis",
            "albumName": "The Heist",
            "trackUri": "spotify:track:3AYcyxEACnmE6d96RPubID"
          },
          "episode": null,
          "localTrack": null
        },
        {
          "track": {
            "trackName": "Ma chérie 2K12 - DJ Antoine vs. Mad Mark 2k12 Radio Edit",
            "artistName": "DJ Antoine",
            "albumName": "Welcome to DJ Antoine 2K12",
            "trackUri": "spotify:track:0pPZk7X0kpZPmllfzkhqti"
          },
          "episode": null,
          "localTrack": null
        },
        {
          "track": {
            "trackName": "Hot",
            "artistName": "INNA",
            "albumName": "Hot",
            "trackUri": "spotify:track:1v3dEPdA20e4ZhT1uQBeN4"
          },
          "episode": null,
          "localTrack": null
        },
        {
          "track": {
            "trackName": "Boom Boom Pow",
            "artistName": "Black Eyed Peas",
            "albumName": "THE E.N.D. (THE ENERGY NEVER DIES)",
            "trackUri": "spotify:track:3oDFtOhcN08qeDPAK6MEQG"
          },
          "episode": null,
          "localTrack": null
        },
        {
          "track": {
            "trackName": "Poker Face",
            "artistName": "Lady Gaga",
            "albumName": "The Fame",
            "trackUri": "spotify:track:1QV6tiMFM6fSOKOGLMHYYg"
          },
          "episode": null,
          "localTrack": null
        },
        {
          "track": {
            "trackName": "Just Dance",
            "artistName": "Lady Gaga",
            "albumName": "The Fame",
            "trackUri": "spotify:track:1dzQoRqT5ucxXVaAhTcT0J"
          },
          "episode": null,
          "localTrack": null
        },
        {
          "track": {
            "trackName": "I Gotta Feeling",
            "artistName": "Black Eyed Peas",
            "albumName": "THE E.N.D. (THE ENERGY NEVER DIES)",
            "trackUri": "spotify:track:4kLLWz7srcuLKA7Et40PQR"
          },
          "episode": null,
          "localTrack": null
        },
        {
          "track": {
            "trackName": "Hotel Room Service",
            "artistName": "Pitbull",
            "albumName": "Pitbull Starring In Rebelution",
            "trackUri": "spotify:track:6Rb0ptOEjBjPPQUlQtQGbL"
          },
          "episode": null,
          "localTrack": null
        },
        {
          "track": {
            "trackName": "Fireflies",
            "artistName": "Owl City",
            "albumName": "Ocean Eyes",
            "trackUri": "spotify:track:3DamFFqW32WihKkTVlwTYQ"
          },
          "episode": null,
          "localTrack": null
        },
        {
          "track": {
            "trackName": "Right Now (Na Na Na)",
            "artistName": "Akon",
            "albumName": "Freedom",
            "trackUri": "spotify:track:2VqAEP1yY5T523K7bZtL8a"
          },
          "episode": null,
          "localTrack": null
        },
        {
          "track": {
            "trackName": "She Wolf",
            "artistName": "Shakira",
            "albumName": "She Wolf (Expanded Edition)",
            "trackUri": "spotify:track:4cS2HQ6jK80vqdY9ofpztx"
          },
          "episode": null,
          "localTrack": null
        },
        {
          "track": {
            "trackName": "The Time (Dirty Bit)",
            "artistName": "Black Eyed Peas",
            "albumName": "The Beginning",
            "trackUri": "spotify:track:7vWFaMq63AwkFDhS2OAg5u"
          },
          "episode": null,
          "localTrack": null
        },
        {
          "track": {
            "trackName": "Bumpy Ride",
            "artistName": "Mohombi",
            "albumName": "MoveMeant",
            "trackUri": "spotify:track:71R6zJsrF3ffc3TBFHfivX"
          },
          "episode": null,
          "localTrack": null
        },
        {
          "track": {
            "trackName": "You Make Me Feel... (feat. Sabi)",
            "artistName": "Cobra Starship",
            "albumName": "Night Shades",
            "trackUri": "spotify:track:16Of7eeW44kt0a1M0nitHM"
          },
          "episode": null,
          "localTrack": null
        },
        {
          "track": {
            "trackName": "Higher",
            "artistName": "Taio Cruz",
            "albumName": "Rokstarr",
            "trackUri": "spotify:track:6AxCr5G75R5rqyNCYWVpTo"
          },
          "episode": null,
          "localTrack": null
        },
        {
          "track": {
            "trackName": "Evacuate The Dancefloor",
            "artistName": "Cascada",
            "albumName": "Evacuate The Dancefloor",
            "trackUri": "spotify:track:0jDWRUbxSn8zQlwFbeLHwo"
          },
          "episode": null,
          "localTrack": null
        },
        {
          "track": {
            "trackName": "Glad You Came",
            "artistName": "The Wanted",
            "albumName": "Battleground",
            "trackUri": "spotify:track:5yDL13y5giogKs2fSNf7sj"
          },
          "episode": null,
          "localTrack": null
        },
        {
          "track": {
            "trackName": "Ce matin va être une pure soirée (feat. Big Ali, PZK, Dogg SoSo, Chris Prolls)",
            "artistName": "Fatal Bazooka",
            "albumName": "Ce matin va être une pure soirée (feat. Big Ali, PZK, Dogg SoSo, Chris Prolls)",
            "trackUri": "spotify:track:7jkGEREsrWQrNU6PwurJA4"
          },
          "episode": null,
          "localTrack": null
        },
        {
          "track": {
            "trackName": "Day 'N' Nite - Crookers Remix",
            "artistName": "Kid Cudi",
            "albumName": "Man On The Moon: The End Of Day",
            "trackUri": "spotify:track:34sGnIHB3ZthMvHpNX1i7e"
          },
          "episode": null,
          "localTrack": null
        },
        {
          "track": {
            "trackName": "Without You (feat. DJ Oriska) - Perdue sans toi",
            "artistName": "Ocean Drive",
            "albumName": "With the Sunshine",
            "trackUri": "spotify:track:4Mzz7oQWN4HKX8uW0JcvCJ"
          },
          "episode": null,
          "localTrack": null
        },
        {
          "track": {
            "trackName": "Black and Yellow (feat. Juicy J, Snoop Dogg & T-Pain) - G-Mix [G-Mix]",
            "artistName": "Wiz Khalifa",
            "albumName": "Black and Yellow (feat. Juicy J, Snoop Dogg & T-Pain)",
            "trackUri": "spotify:track:7EWaWcYUdatuLQQ7NJjh1O"
          },
          "episode": null,
          "localTrack": null
        },
        {
          "track": {
            "trackName": "Bad Romance",
            "artistName": "Lady Gaga",
            "albumName": "The Fame Monster",
            "trackUri": "spotify:track:0SiywuOBRcynK0uKGWdCnn"
          },
          "episode": null,
          "localTrack": null
        },
        {
          "track": {
            "trackName": "Cooler Than Me - Single Mix",
            "artistName": "Mike Posner",
            "albumName": "31 Minutes to Takeoff",
            "trackUri": "spotify:track:2V4bv1fNWfTcyRJKmej6Sj"
          },
          "episode": null,
          "localTrack": null
        },
        {
          "track": {
            "trackName": "Only Girl (In The World)",
            "artistName": "Rihanna",
            "albumName": "Loud",
            "trackUri": "spotify:track:0AH6WMe3OlAlUb5miXt2FQ"
          },
          "episode": null,
          "localTrack": null
        },
        {
          "track": {
            "trackName": "Barbra Streisand - Radio Edit",
            "artistName": "Duck Sauce",
            "albumName": "Barbra Streisand",
            "trackUri": "spotify:track:454luzZ5FPjOcx43yQWte9"
          },
          "episode": null,
          "localTrack": null
        },
        {
          "track": {
            "trackName": "Resistance",
            "artistName": "Muse",
            "albumName": "The Resistance",
            "trackUri": "spotify:track:1C2QJNTmsTxCDBuIgai8QV"
          },
          "episode": null,
          "localTrack": null
        },
        {
          "track": {
            "trackName": "Undisclosed Desires",
            "artistName": "Muse",
            "albumName": "The Resistance",
            "trackUri": "spotify:track:0It6VJoMAare1zdV2wxqZq"
          },
          "episode": null,
          "localTrack": null
        },
        {
          "track": {
            "trackName": "Fuck You",
            "artistName": "CeeLo Green",
            "albumName": "The Lady Killer",
            "trackUri": "spotify:track:3ydfhgIZIc2j39NLIhpJpq"
          },
          "episode": null,
          "localTrack": null
        },
        {
          "track": {
            "trackName": "Wavin' Flag - Coca-Cola® Celebration Mix",
            "artistName": "K'NAAN",
            "albumName": "Troubadour",
            "trackUri": "spotify:track:4nOygULhEuDO5ZBRNPFaso"
          },
          "episode": null,
          "localTrack": null
        },
        {
          "track": {
            "trackName": "California Gurls",
            "artistName": "Katy Perry",
            "albumName": "Teenage Dream",
            "trackUri": "spotify:track:1Q2aClEaUlIuIHFiuBoFCO"
          },
          "episode": null,
          "localTrack": null
        },
        {
          "track": {
            "trackName": "Smack That",
            "artistName": "Akon",
            "albumName": "Konvicted",
            "trackUri": "spotify:track:3qKGvSu1inEZKwYQnMavNA"
          },
          "episode": null,
          "localTrack": null
        },
        {
          "track": {
            "trackName": "Blue (Da Ba Dee) - Gabry Ponte Ice Pop Radio",
            "artistName": "Eiffel 65",
            "albumName": "Europop",
            "trackUri": "spotify:track:2yAVzRiEQooPEJ9SYx11L3"
          },
          "episode": null,
          "localTrack": null
        },
        {
          "track": {
            "trackName": "Everytime We Touch",
            "artistName": "Cascada",
            "albumName": "Platinum",
            "trackUri": "spotify:track:5aEqcblO0Z6JloFJXtxyhe"
          },
          "episode": null,
          "localTrack": null
        },
        {
          "track": {
            "trackName": "Elinor",
            "artistName": "Basshunter",
            "albumName": "Elinor",
            "trackUri": "spotify:track:5tU76CWXIUYZjD1E84WEnl"
          },
          "episode": null,
          "localTrack": null
        },
        {
          "track": {
            "trackName": "Boten Anna - Radio edit",
            "artistName": "Basshunter",
            "albumName": "LOL (International version)",
            "trackUri": "spotify:track:1Y73xpxMMWInxiAHG6INCK"
          },
          "episode": null,
          "localTrack": null
        },
        {
          "track": {
            "trackName": "All I Ever Wanted - Radio Edit",
            "artistName": "Basshunter",
            "albumName": "Now You're Gone - The Album",
            "trackUri": "spotify:track:2PTvik6EqPAIYOclAB3SU8"
          },
          "episode": null,
          "localTrack": null
        },
        {
          "track": {
            "trackName": "DotA - Radio Edit",
            "artistName": "Basshunter",
            "albumName": "LOL (International version)",
            "trackUri": "spotify:track:4fdupd1cxNJtzqlBsd4sew"
          },
          "episode": null,
          "localTrack": null
        },
        {
          "track": {
            "trackName": "Now You're Gone (feat. DJ Mental Theos Bazzheadz) - Radio Edit",
            "artistName": "Basshunter",
            "albumName": "Now You're Gone ( feat. DJ Mental Theos Bazzheadz)",
            "trackUri": "spotify:track:29nm3YvoWOTZ7DWx4lXRHH"
          },
          "episode": null,
          "localTrack": null
        }
      ],
      "description": null,
      "numberOfFollowers": 7
    },
    {
      "name": "Favoris des radios",
      "lastModifiedDate": "2020-01-09",
      "items": [
        {
          "track": {
            "trackName": "Flares",
            "artistName": "The Script",
            "albumName": "No Sound Without Silence",
            "trackUri": "spotify:track:3mTEYjm3kIm4YzJ5zxJZjs"
          },
          "episode": null,
          "localTrack": null
        },
        {
          "track": {
            "trackName": "Songbird",
            "artistName": "Oasis",
            "albumName": "Heathen Chemistry",
            "trackUri": "spotify:track:1wFBBRJ218jmNIlB9q9oS4"
          },
          "episode": null,
          "localTrack": null
        },
        {
          "track": {
            "trackName": "La vie ne vaut rien",
            "artistName": "Alain Souchon",
            "albumName": "Collection",
            "trackUri": "spotify:track:2PQ06bEO6VKuiEsPAisJ1V"
          },
          "episode": null,
          "localTrack": null
        },
        {
          "track": {
            "trackName": "Ces gens-là",
            "artistName": "Jacques Brel",
            "albumName": "15 Ans D'Amour",
            "trackUri": "spotify:track:5r7GTowp9XpfYLFUfRMI8X"
          },
          "episode": null,
          "localTrack": null
        },
        {
          "track": {
            "trackName": "Rivage",
            "artistName": "Swing",
            "albumName": "Marabout",
            "trackUri": "spotify:track:7uOU98FaO6vzbdVlGUOlH8"
          },
          "episode": null,
          "localTrack": null
        },
        {
          "track": {
            "trackName": "Sail On",
            "artistName": "Noel Gallagher's High Flying Birds",
            "albumName": "Black Star Dancing",
            "trackUri": "spotify:track:5ZmTfabXMTXUWMpSu9SRXJ"
          },
          "episode": null,
          "localTrack": null
        },
        {
          "track": {
            "trackName": "Fly Like an Eagle",
            "artistName": "Stereophonics",
            "albumName": "Kind",
            "trackUri": "spotify:track:6KZLjHjfCp740dJJOl47Mp"
          },
          "episode": null,
          "localTrack": null
        },
        {
          "track": {
            "trackName": "Sun Queen",
            "artistName": "Gerry Cinnamon",
            "albumName": "Sun Queen",
            "trackUri": "spotify:track:3gvop6gMwnUvGiCfY5iCJK"
          },
          "episode": null,
          "localTrack": null
        },
        {
          "track": {
            "trackName": "Talk Tonight",
            "artistName": "Oasis",
            "albumName": "Stop the Clocks",
            "trackUri": "spotify:track:02yucWj45xM4HPKUslkGzG"
          },
          "episode": null,
          "localTrack": null
        },
        {
          "track": {
            "trackName": "Papillon",
            "artistName": "Zed Yun Pavarotti",
            "albumName": "French Cash",
            "trackUri": "spotify:track:10O3CqQ6tocbWuxzrRhF7t"
          },
          "episode": null,
          "localTrack": null
        }
      ],
      "description": null,
      "numberOfFollowers": 0
    }
  ]
}