[
  {
    "platform" : "IPHONE",
    "searchTime" : "2021-11-22T09:23:01.762Z[UTC]",
    "searchQuery" : "my beloved ",
    "searchInteractionURIs" : [
      "spotify:track:7EikgXYpnFM8I6E7dwdS0t"
    ]
  },
  {
    "platform" : "IPHONE",
    "searchTime" : "2021-11-22T14:21:40.828Z[UTC]",
    "searchQuery" : "the detail",
    "searchInteractionURIs" : [
      "spotify:show:5vqL3o8a3UtfvRtiCMwl1J"
    ]
  },
  {
    "platform" : "IPHONE",
    "searchTime" : "2021-11-22T15:13:06.403Z[UTC]",
    "searchQuery" : "boob",
    "searchInteractionURIs" : [
      "spotify:artist:58wXmynHaAWI5hwlPZP3qL"
    ]
  },
  {
    "platform" : "IPHONE",
    "searchTime" : "2021-11-22T16:27:27.816Z[UTC]",
    "searchQuery" : "boob",
    "searchInteractionURIs" : [
    ]
  },
  {
    "platform" : "IPHONE",
    "searchTime" : "2021-11-22T18:42:26.638Z[UTC]",
    "searchQuery" : "debussy",
    "searchInteractionURIs" : [
      "spotify:artist:1Uff91EOsvd99rtAupatMP"
    ]
  },
  {
    "platform" : "IPHONE",
    "searchTime" : "2021-11-23T10:31:53.636Z[UTC]",
    "searchQuery" : "tony parker",
    "searchInteractionURIs" : [
      "spotify:show:64tGxhsgG0KjbARHXKNPra"
    ]
  },
  {
    "platform" : "IPHONE",
    "searchTime" : "2021-11-23T11:26:50.949Z[UTC]",
    "searchQuery" : "tony parker",
    "searchInteractionURIs" : [
    ]
  },
  {
    "platform" : "IPHONE",
    "searchTime" : "2021-11-23T13:34:42.520Z[UTC]",
    "searchQuery" : "tony parker",
    "searchInteractionURIs" : [
    ]
  },
  {
    "platform" : "IPHONE",
    "searchTime" : "2021-11-23T19:27:37.615Z[UTC]",
    "searchQuery" : "julia jean",
    "searchInteractionURIs" : [
      "spotify:artist:6YJvTbBj1vgz35rqWrhv81"
    ]
  },
  {
    "platform" : "IPHONE",
    "searchTime" : "2021-11-24T07:52:10.033Z[UTC]",
    "searchQuery" : "civi",
    "searchInteractionURIs" : [
      "spotify:album:2o2GBOfy2GG9oKYZgfZkur"
    ]
  },
  {
    "platform" : "IPHONE",
    "searchTime" : "2021-11-24T07:52:35.583Z[UTC]",
    "searchQuery" : "vizioz",
    "searchInteractionURIs" : [
      "spotify:album:2TGMa7UcpLmLkPhn1p3Ff4",
      "spotify:artist:4FpJcNgOvIpSBeJgRg3OfN"
    ]
  },
  {
    "platform" : "IPHONE",
    "searchTime" : "2021-11-24T10:27:27.974Z[UTC]",
    "searchQuery" : "katie",
    "searchInteractionURIs" : [
      "spotify:artist:5uCXJWo3WoXgqv3T1RlAbh"
    ]
  },
  {
    "platform" : "IPHONE",
    "searchTime" : "2021-11-27T19:01:17.823Z[UTC]",
    "searchQuery" : "ne part",
    "searchInteractionURIs" : [
      "spotify:track:0Kv4i96E41jbULmUajBYOe"
    ]
  },
  {
    "platform" : "IPHONE",
    "searchTime" : "2021-11-29T11:27:29.801Z[UTC]",
    "searchQuery" : "renaud",
    "searchInteractionURIs" : [
      "spotify:track:5THzSFED89uOgh558MvpCp"
    ]
  },
  {
    "platform" : "IPHONE",
    "searchTime" : "2021-11-29T21:06:04.747Z[UTC]",
    "searchQuery" : "jul",
    "searchInteractionURIs" : [
      "spotify:artist:3IW7ScrzXmPvZhB27hmfgy"
    ]
  },
  {
    "platform" : "IPHONE",
    "searchTime" : "2021-11-30T10:57:56.951Z[UTC]",
    "searchQuery" : "boston",
    "searchInteractionURIs" : [
      "spotify:artist:29kkCKKGXheHuoO829FxWK",
      "spotify:artist:1Na1sVrGWKwAigaW7a6hi5"
    ]
  },
  {
    "platform" : "IPHONE",
    "searchTime" : "2021-11-30T16:36:30.039Z[UTC]",
    "searchQuery" : "after",
    "searchInteractionURIs" : [
      "spotify:show:3ixMUAbmKEYcoRt62l48Zp"
    ]
  },
  {
    "platform" : "IPHONE",
    "searchTime" : "2021-12-01T08:02:25.034Z[UTC]",
    "searchQuery" : "orel",
    "searchInteractionURIs" : [
      "spotify:artist:4FpJcNgOvIpSBeJgRg3OfN"
    ]
  },
  {
    "platform" : "IPHONE",
    "searchTime" : "2021-12-02T08:27:47.781Z[UTC]",
    "searchQuery" : "emma voisin",
    "searchInteractionURIs" : [
      "spotify:user:21aa4q5b64chdu3tbcc73d4mq"
    ]
  },
  {
    "platform" : "IPHONE",
    "searchTime" : "2021-12-02T19:15:41.598Z[UTC]",
    "searchQuery" : "bagr",
    "searchInteractionURIs" : [
      "spotify:artist:3oDsNnVKW3T4MflgJlLysJ",
      "spotify:track:5yW39tfWwikidyZYR6IAre"
    ]
  },
  {
    "platform" : "IPHONE",
    "searchTime" : "2021-12-02T19:15:59.185Z[UTC]",
    "searchQuery" : "8noise",
    "searchInteractionURIs" : [
      "spotify:artist:7u3P8k5sldMVM1LToyobae"
    ]
  },
  {
    "platform" : "IPHONE",
    "searchTime" : "2021-12-02T19:16:09.185Z[UTC]",
    "searchQuery" : "antoine daniel",
    "searchInteractionURIs" : [
      "spotify:user:12121144566",
      "spotify:playlist:1djjSP2OhltefMMc2VW4h4"
    ]
  },
  {
    "platform" : "IPHONE",
    "searchTime" : "2021-12-02T21:37:34.126Z[UTC]",
    "searchQuery" : "freeze",
    "searchInteractionURIs" : [
      "spotify:artist:76Pl0epAMXVXJspaSuz8im"
    ]
  },
  {
    "platform" : "IPHONE",
    "searchTime" : "2021-12-02T23:07:35.532Z[UTC]",
    "searchQuery" : "angeel",
    "searchInteractionURIs" : [
      "spotify:artist:3QVolfxko2UyCOtexhVTli"
    ]
  },
  {
    "platform" : "IPHONE",
    "searchTime" : "2021-12-04T07:41:03.306Z[UTC]",
    "searchQuery" : "ninh",
    "searchInteractionURIs" : [
      "spotify:artist:6Te49r3A6f5BiIgBRxH7FH"
    ]
  },
  {
    "platform" : "IPHONE",
    "searchTime" : "2021-12-04T07:41:13.146Z[UTC]",
    "searchQuery" : "katie",
    "searchInteractionURIs" : [
      "spotify:artist:5uCXJWo3WoXgqv3T1RlAbh"
    ]
  },
  {
    "platform" : "IPHONE",
    "searchTime" : "2021-12-04T11:00:31.188Z[UTC]",
    "searchQuery" : "katie",
    "searchInteractionURIs" : [
    ]
  },
  {
    "platform" : "IPHONE",
    "searchTime" : "2021-12-04T11:37:12.282Z[UTC]",
    "searchQuery" : "katie",
    "searchInteractionURIs" : [
    ]
  },
  {
    "platform" : "IPHONE",
    "searchTime" : "2021-12-04T12:00:04.385Z[UTC]",
    "searchQuery" : "katie",
    "searchInteractionURIs" : [
    ]
  },
  {
    "platform" : "IPHONE",
    "searchTime" : "2021-12-05T14:07:27.958Z[UTC]",
    "searchQuery" : "en clo",
    "searchInteractionURIs" : [
      "spotify:track:1YIdVtrp7YBbOvVbBICAuh"
    ]
  },
  {
    "platform" : "IPHONE",
    "searchTime" : "2021-12-05T14:07:40.124Z[UTC]",
    "searchQuery" : "the str",
    "searchInteractionURIs" : [
      "spotify:track:1BLOVHYYlH4JUHQGcpt75R"
    ]
  },
  {
    "platform" : "IPHONE",
    "searchTime" : "2021-12-05T14:27:33.794Z[UTC]",
    "searchQuery" : "petit prô",
    "searchInteractionURIs" : [
      "spotify:track:12vhnzIfOJxdt7jaZL5MHK"
    ]
  },
  {
    "platform" : "IPHONE",
    "searchTime" : "2021-12-06T16:52:38.960Z[UTC]",
    "searchQuery" : "techout",
    "searchInteractionURIs" : [
      "spotify:show:5Yh77d5ifU4Drgf4wh49dI"
    ]
  },
  {
    "platform" : "IPHONE",
    "searchTime" : "2021-12-06T18:22:35.428Z[UTC]",
    "searchQuery" : "techout",
    "searchInteractionURIs" : [
    ]
  },
  {
    "platform" : "IPHONE",
    "searchTime" : "2021-12-07T10:53:42.388Z[UTC]",
    "searchQuery" : "mcfly",
    "searchInteractionURIs" : [
      "spotify:artist:2DNfUNwenBiLLGMc4vQGei"
    ]
  },
  {
    "platform" : "IPHONE",
    "searchTime" : "2021-12-08T07:48:36.342Z[UTC]",
    "searchQuery" : "17 hands",
    "searchInteractionURIs" : [
      "spotify:track:5fenzwiBvLp2tdrKBdddPg"
    ]
  },
  {
    "platform" : "IPHONE",
    "searchTime" : "2021-12-08T07:48:47.179Z[UTC]",
    "searchQuery" : "g",
    "searchInteractionURIs" : [
      "spotify:artist:6Xc0KDqzw5u6EQLgdfeoKO"
    ]
  },
  {
    "platform" : "IPHONE",
    "searchTime" : "2021-12-08T16:56:24.211Z[UTC]",
    "searchQuery" : "pokemon di",
    "searchInteractionURIs" : [
      "spotify:playlist:7oPXcXF97Ynh49ZhupQYn0"
    ]
  },
  {
    "platform" : "IPHONE",
    "searchTime" : "2021-12-09T22:20:27.931Z[UTC]",
    "searchQuery" : "iam",
    "searchInteractionURIs" : [
      "spotify:artist:56Q6weEROZ1RsVrTak8Bm7"
    ]
  },
  {
    "platform" : "IPHONE",
    "searchTime" : "2021-12-10T09:04:31.696Z[UTC]",
    "searchQuery" : "geo",
    "searchInteractionURIs" : [
      "spotify:artist:6Xc0KDqzw5u6EQLgdfeoKO"
    ]
  },
  {
    "platform" : "IPHONE",
    "searchTime" : "2021-12-10T09:06:53.883Z[UTC]",
    "searchQuery" : "mcfl",
    "searchInteractionURIs" : [
      "spotify:artist:2DNfUNwenBiLLGMc4vQGei"
    ]
  },
  {
    "platform" : "IPHONE",
    "searchTime" : "2021-12-10T19:50:05.557Z[UTC]",
    "searchQuery" : "barbara but",
    "searchInteractionURIs" : [
      "spotify:user:118423851"
    ]
  },
  {
    "platform" : "IPHONE",
    "searchTime" : "2021-12-12T14:51:12.412Z[UTC]",
    "searchQuery" : "ka",
    "searchInteractionURIs" : [
      "spotify:artist:5uCXJWo3WoXgqv3T1RlAbh"
    ]
  },
  {
    "platform" : "IPHONE",
    "searchTime" : "2021-12-13T08:18:57.200Z[UTC]",
    "searchQuery" : "sinclair",
    "searchInteractionURIs" : [
      "spotify:artist:27DUNSbKmWQsjfXFjCv3Q4"
    ]
  },
  {
    "platform" : "IPHONE",
    "searchTime" : "2021-12-16T14:33:02.684Z[UTC]",
    "searchQuery" : "casse",
    "searchInteractionURIs" : [
      "spotify:track:4zNegI08Ey41oFdfaiZinq",
      "spotify:album:1jfBSA8KgMLol7Iahnq8wv"
    ]
  },
  {
    "platform" : "IPHONE",
    "searchTime" : "2021-12-17T00:27:32.184Z[UTC]",
    "searchQuery" : "val",
    "searchInteractionURIs" : [
      "spotify:artist:3CnCGFxXbOA8bAK54jR8js"
    ]
  },
  {
    "platform" : "IPHONE",
    "searchTime" : "2021-12-18T10:42:00.013Z[UTC]",
    "searchQuery" : "the off",
    "searchInteractionURIs" : [
      "spotify:track:5NUCLgfK7d3zJeOJN0hZIv"
    ]
  },
  {
    "platform" : "IPHONE",
    "searchTime" : "2021-12-19T17:57:19.526Z[UTC]",
    "searchQuery" : "enri",
    "searchInteractionURIs" : [
      "spotify:artist:1n1k5yFQxYhohOmSWVmTo6"
    ]
  },
  {
    "platform" : "IPHONE",
    "searchTime" : "2021-12-19T19:46:16.821Z[UTC]",
    "searchQuery" : "beyond blue eyes",
    "searchInteractionURIs" : [
    ]
  },
  {
    "platform" : "IPHONE",
    "searchTime" : "2021-12-22T14:39:56.418Z[UTC]",
    "searchQuery" : "habi",
    "searchInteractionURIs" : [
      "spotify:show:2ReKTTKnbyHYqO1YsafPmp"
    ]
  },
  {
    "platform" : "IPHONE",
    "searchTime" : "2021-12-22T14:43:17.517Z[UTC]",
    "searchQuery" : "gasp",
    "searchInteractionURIs" : [
      "spotify:artist:1xiaqHkrYo04iuDw2h7kft"
    ]
  },
  {
    "platform" : "IPHONE",
    "searchTime" : "2021-12-24T13:31:43.820Z[UTC]",
    "searchQuery" : "robbie",
    "searchInteractionURIs" : [
      "spotify:artist:2HcwFjNelS49kFbfvMxQYw"
    ]
  },
  {
    "platform" : "IPHONE",
    "searchTime" : "2021-12-24T17:44:38.635Z[UTC]",
    "searchQuery" : "eteins",
    "searchInteractionURIs" : [
      "spotify:track:2lTP9MLEBIymMfedEF8y04"
    ]
  },
  {
    "platform" : "IPHONE",
    "searchTime" : "2021-12-24T17:46:25.574Z[UTC]",
    "searchQuery" : "eteind",
    "searchInteractionURIs" : [
    ]
  },
  {
    "platform" : "IPHONE",
    "searchTime" : "2021-12-24T17:48:23.603Z[UTC]",
    "searchQuery" : "without",
    "searchInteractionURIs" : [
      "spotify:track:7lQ8MOhq6IN2w8EYcFNSUk"
    ]
  },
  {
    "platform" : "IPHONE",
    "searchTime" : "2021-12-24T17:50:03.451Z[UTC]",
    "searchQuery" : "emin",
    "searchInteractionURIs" : [
      "spotify:artist:7dGJo4pcD2V6oG8kP0tJRR"
    ]
  },
  {
    "platform" : "IPHONE",
    "searchTime" : "2021-12-24T22:33:39.155Z[UTC]",
    "searchQuery" : "last",
    "searchInteractionURIs" : [
      "spotify:track:2FRnf9qhLbvw8fu4IBXx78"
    ]
  },
  {
    "platform" : "IPHONE",
    "searchTime" : "2021-12-24T22:37:15.144Z[UTC]",
    "searchQuery" : "tata",
    "searchInteractionURIs" : [
      "spotify:track:5rBts8nNWTbtwAMBiY6wUt"
    ]
  },
  {
    "platform" : "IPHONE",
    "searchTime" : "2021-12-24T22:40:27.802Z[UTC]",
    "searchQuery" : "fra",
    "searchInteractionURIs" : [
      "spotify:artist:22HVxZPA6UhBp8wahxDA6I"
    ]
  },
  {
    "platform" : "IPHONE",
    "searchTime" : "2021-12-25T00:06:50.851Z[UTC]",
    "searchQuery" : "le ch",
    "searchInteractionURIs" : [
      "spotify:track:1cbEUq5Rwe9LLFQyPKxurl"
    ]
  },
  {
    "platform" : "IPHONE",
    "searchTime" : "2021-12-25T00:07:44.008Z[UTC]",
    "searchQuery" : "corona",
    "searchInteractionURIs" : [
      "spotify:track:0lwEcY59qGuELFDBMVZSgi"
    ]
  },
  {
    "platform" : "IPHONE",
    "searchTime" : "2021-12-25T00:18:07.438Z[UTC]",
    "searchQuery" : "bouca",
    "searchInteractionURIs" : [
      "spotify:album:1YQVhi1t8baYRJXDAEOvMG"
    ]
  },
  {
    "platform" : "IPHONE",
    "searchTime" : "2021-12-25T02:26:55.466Z[UTC]",
    "searchQuery" : "come ",
    "searchInteractionURIs" : [
      "spotify:track:7GVUmCP00eSsqc4tzj1sDD"
    ]
  },
  {
    "platform" : "IPHONE",
    "searchTime" : "2021-12-30T10:08:55.024Z[UTC]",
    "searchQuery" : "celebrer",
    "searchInteractionURIs" : [
      "spotify:track:3UeyDYDymIzURIMh1ZJIIe",
      "spotify:track:3vXnuFnC5RhPGwsFi0ORcI"
    ]
  },
  {
    "platform" : "IPHONE",
    "searchTime" : "2021-12-30T10:12:53.853Z[UTC]",
    "searchQuery" : "the mondter",
    "searchInteractionURIs" : [
      "spotify:track:48RrDBpOSSl1aLVCalGl5C"
    ]
  },
  {
    "platform" : "IPHONE",
    "searchTime" : "2021-12-30T10:13:07.007Z[UTC]",
    "searchQuery" : "let’s love",
    "searchInteractionURIs" : [
      "spotify:track:6lhZLbb0czULpjb2kFryPS"
    ]
  },
  {
    "platform" : "IPHONE",
    "searchTime" : "2021-12-30T10:13:41.033Z[UTC]",
    "searchQuery" : "empire stage",
    "searchInteractionURIs" : [
      "spotify:track:2igwFfvr1OAGX9SKDCPBwO"
    ]
  },
  {
    "platform" : "IPHONE",
    "searchTime" : "2021-12-30T10:13:50.454Z[UTC]",
    "searchQuery" : "new york ",
    "searchInteractionURIs" : [
      "spotify:track:0LlZsY7Cfa0uBlJjTkSzCE"
    ]
  },
  {
    "platform" : "IPHONE",
    "searchTime" : "2021-12-30T10:14:13.554Z[UTC]",
    "searchQuery" : "light ",
    "searchInteractionURIs" : [
      "spotify:track:1pjvlYOMIg1NhGQbM6iwrY"
    ]
  },
  {
    "platform" : "IPHONE",
    "searchTime" : "2021-12-31T14:04:08.890Z[UTC]",
    "searchQuery" : "the con",
    "searchInteractionURIs" : [
      "spotify:album:1qu1ddNhgPRrvy5hvIgNjT"
    ]
  },
  {
    "platform" : "IPHONE",
    "searchTime" : "2022-01-01T02:55:21.485Z[UTC]",
    "searchQuery" : "pouss",
    "searchInteractionURIs" : [
      "spotify:track:3wUuMs3tFxIPghPH63dE0R",
      "spotify:track:66F6vJHfK67pdjRdhNX2B8"
    ]
  },
  {
    "platform" : "IPHONE",
    "searchTime" : "2022-01-07T21:46:42.218Z[UTC]",
    "searchQuery" : "georg",
    "searchInteractionURIs" : [
      "spotify:artist:6Xc0KDqzw5u6EQLgdfeoKO"
    ]
  },
  {
    "platform" : "IPHONE",
    "searchTime" : "2022-01-10T08:31:48.304Z[UTC]",
    "searchQuery" : "annu",
    "searchInteractionURIs" : [
      "spotify:track:5dfgX2GxEMQsGycPvjxhdP",
      "spotify:episode:6CRURIXHOadbDiRoIXX5Uo"
    ]
  },
  {
    "platform" : "IPHONE",
    "searchTime" : "2022-01-13T09:31:12.751Z[UTC]",
    "searchQuery" : "jus",
    "searchInteractionURIs" : [
      "spotify:artist:1uNFoZAHBGtllmzznpCI3s"
    ]
  },
  {
    "platform" : "IPHONE",
    "searchTime" : "2022-01-17T09:18:55.912Z[UTC]",
    "searchQuery" : "sweer",
    "searchInteractionURIs" : [
    ]
  },
  {
    "platform" : "IPHONE",
    "searchTime" : "2022-01-17T17:37:08.558Z[UTC]",
    "searchQuery" : "alpha",
    "searchInteractionURIs" : [
      "spotify:track:6uzXwJnHbaMh4J52qmdDv1"
    ]
  },
  {
    "platform" : "IPHONE",
    "searchTime" : "2022-01-18T17:19:53.522Z[UTC]",
    "searchQuery" : "the w",
    "searchInteractionURIs" : [
      "spotify:artist:1Xyo4u8uXC1ZmMpatF05PJ"
    ]
  },
  {
    "platform" : "IPHONE",
    "searchTime" : "2022-01-18T17:55:34.653Z[UTC]",
    "searchQuery" : "katie",
    "searchInteractionURIs" : [
      "spotify:artist:5uCXJWo3WoXgqv3T1RlAbh"
    ]
  },
  {
    "platform" : "IPHONE",
    "searchTime" : "2022-01-18T21:31:41.811Z[UTC]",
    "searchQuery" : "the str",
    "searchInteractionURIs" : [
      "spotify:album:2xkZV2Hl1Omi8rk2D7t5lN"
    ]
  },
  {
    "platform" : "IPHONE",
    "searchTime" : "2022-01-26T08:11:54.347Z[UTC]",
    "searchQuery" : "write",
    "searchInteractionURIs" : [
      "spotify:track:10yBOZi6cIDeJOlb7Pbz1J",
      "spotify:playlist:05eROOZN0XBW54gB9y8AcD"
    ]
  },
  {
    "platform" : "IPHONE",
    "searchTime" : "2022-01-26T11:40:46.457Z[UTC]",
    "searchQuery" : "la fete à pontivy",
    "searchInteractionURIs" : [
      "spotify:track:7J7irBQpKSwBf6FOmgjBzU"
    ]
  },
  {
    "platform" : "IPHONE",
    "searchTime" : "2022-01-27T17:06:51.359Z[UTC]",
    "searchQuery" : "dance of ",
    "searchInteractionURIs" : [
      "spotify:track:5qPUFjpROrTCrL1wWuHHMF"
    ]
  },
  {
    "platform" : "IPHONE",
    "searchTime" : "2022-01-31T08:09:20.033Z[UTC]",
    "searchQuery" : "un coup",
    "searchInteractionURIs" : [
      "spotify:playlist:4RgtTitwJcNHv19OKz21kM"
    ]
  },
  {
    "platform" : "IPHONE",
    "searchTime" : "2022-01-31T08:09:30.476Z[UTC]",
    "searchQuery" : "richard",
    "searchInteractionURIs" : [
      "spotify:track:01kKvDxBNQ6WZNQSpSWPyV",
      "spotify:artist:3JyyauuFQaaem8qboNQaZq"
    ]
  },
  {
    "platform" : "IPHONE",
    "searchTime" : "2022-01-31T16:21:16.262Z[UTC]",
    "searchQuery" : "freeze",
    "searchInteractionURIs" : [
      "spotify:artist:76Pl0epAMXVXJspaSuz8im"
    ]
  },
  {
    "platform" : "IPHONE",
    "searchTime" : "2022-02-01T08:21:55.414Z[UTC]",
    "searchQuery" : "the look",
    "searchInteractionURIs" : [
      "spotify:track:5LaE3oXGo5J6ORlGmTlnIb"
    ]
  },
  {
    "platform" : "IPHONE",
    "searchTime" : "2022-02-02T09:36:48.855Z[UTC]",
    "searchQuery" : "vald",
    "searchInteractionURIs" : [
      "spotify:artist:3CnCGFxXbOA8bAK54jR8js"
    ]
  },
  {
    "platform" : "IPHONE",
    "searchTime" : "2022-02-02T22:13:27.229Z[UTC]",
    "searchQuery" : "va",
    "searchInteractionURIs" : [
    ]
  },
  {
    "platform" : "IPHONE",
    "searchTime" : "2022-02-05T13:42:35.216Z[UTC]",
    "searchQuery" : "v",
    "searchInteractionURIs" : [
      "spotify:artist:3CnCGFxXbOA8bAK54jR8js"
    ]
  },
  {
    "platform" : "IPHONE",
    "searchTime" : "2022-02-06T00:09:15.323Z[UTC]",
    "searchQuery" : "vald",
    "searchInteractionURIs" : [
      "spotify:album:03ZLnEibkBpQxhXKaQiqfU",
      "spotify:album:6oX7kNKqj9dwNk8i4btVcF"
    ]
  },
  {
    "platform" : "IPHONE",
    "searchTime" : "2022-02-06T01:58:10.131Z[UTC]",
    "searchQuery" : "une deux",
    "searchInteractionURIs" : [
      "spotify:show:6wqsWbHoCAwWKQyQhG5eCa"
    ]
  },
  {
    "platform" : "IPHONE",
    "searchTime" : "2022-02-08T07:53:28.831Z[UTC]",
    "searchQuery" : "ienc",
    "searchInteractionURIs" : [
      "spotify:track:7uWFasbsyDLjymJzIqcHFZ"
    ]
  },
  {
    "platform" : "IPHONE",
    "searchTime" : "2022-02-08T18:42:52.857Z[UTC]",
    "searchQuery" : "konbi",
    "searchInteractionURIs" : [
      "spotify:show:75GbmhedEX6jbtGpGKnYlY"
    ]
  },
  {
    "platform" : "IPHONE",
    "searchTime" : "2022-02-13T12:49:35.568Z[UTC]",
    "searchQuery" : "noise8",
    "searchInteractionURIs" : [
      "spotify:artist:7u3P8k5sldMVM1LToyobae"
    ]
  },
  {
    "platform" : "IPHONE",
    "searchTime" : "2022-02-13T14:14:16.244Z[UTC]",
    "searchQuery" : "noise8",
    "searchInteractionURIs" : [
    ]
  },
  {
    "platform" : "IPHONE",
    "searchTime" : "2022-02-13T16:09:29.217Z[UTC]",
    "searchQuery" : "tony parker",
    "searchInteractionURIs" : [
      "spotify:artist:3IwGtEVQB7RxflqPCwnkO2",
      "spotify:show:64tGxhsgG0KjbARHXKNPra"
    ]
  },
  {
    "platform" : "IPHONE",
    "searchTime" : "2022-02-14T17:20:27.738Z[UTC]",
    "searchQuery" : "the vie",
    "searchInteractionURIs" : [
      "spotify:track:4URf8X1z0ZGaPemh0dKx2M"
    ]
  },
  {
    "platform" : "IPHONE",
    "searchTime" : "2022-02-15T08:18:02.842Z[UTC]",
    "searchQuery" : "panorama",
    "searchInteractionURIs" : [
      "spotify:track:2U4bYysBdmQZONiTGIkGbI"
    ]
  },
  {
    "platform" : "IPHONE",
    "searchTime" : "2022-02-15T14:39:52.686Z[UTC]",
    "searchQuery" : "v",
    "searchInteractionURIs" : [
      "spotify:album:03ZLnEibkBpQxhXKaQiqfU"
    ]
  }
]