[
  {
    "endTime" : "2022-02-12 16:05",
    "artistName" : "Cocoon",
    "trackName" : "Sun",
    "msPlayed" : 1044
  },
  {
    "endTime" : "2022-02-12 16:05",
    "artistName" : "Nekfeu",
    "trackName" : "Besoin de sens",
    "msPlayed" : 1068
  },
  {
    "endTime" : "2022-02-12 16:05",
    "artistName" : "Salut C'est Cool",
    "trackName" : "Les fleurs",
    "msPlayed" : 1578
  },
  {
    "endTime" : "2022-02-12 16:05",
    "artistName" : "Vald",
    "trackName" : "Ce monde est cruel",
    "msPlayed" : 998
  },
  {
    "endTime" : "2022-02-12 16:05",
    "artistName" : "Kanye West",
    "trackName" : "Heartless",
    "msPlayed" : 1137
  },
  {
    "endTime" : "2022-02-12 16:07",
    "artistName" : "Lujipeka",
    "trackName" : "Ahou",
    "msPlayed" : 156386
  },
  {
    "endTime" : "2022-02-12 16:08",
    "artistName" : "PNL",
    "trackName" : "Hasta la vista",
    "msPlayed" : 1416
  },
  {
    "endTime" : "2022-02-12 16:08",
    "artistName" : "Dinos",
    "trackName" : "No Love",
    "msPlayed" : 1369
  },
  {
    "endTime" : "2022-02-12 16:08",
    "artistName" : "Disiz",
    "trackName" : "Meulé meulé / Aighttt",
    "msPlayed" : 1253
  },
  {
    "endTime" : "2022-02-12 16:08",
    "artistName" : "Stupeflip",
    "trackName" : "Le spleen des petits",
    "msPlayed" : 2438
  },
  {
    "endTime" : "2022-02-12 16:08",
    "artistName" : "Myth Syzer",
    "trackName" : "Jeep",
    "msPlayed" : 14499
  },
  {
    "endTime" : "2022-02-12 16:08",
    "artistName" : "Bob Dylan",
    "trackName" : "Knockin' On Heaven's Door",
    "msPlayed" : 1091
  },
  {
    "endTime" : "2022-02-12 16:08",
    "artistName" : "Eminem",
    "trackName" : "As The World Turns",
    "msPlayed" : 20572
  },
  {
    "endTime" : "2022-02-12 16:09",
    "artistName" : "Les Sages Poètes de la rue",
    "trackName" : "Je reste au centre",
    "msPlayed" : 766
  },
  {
    "endTime" : "2022-02-12 16:09",
    "artistName" : "Lefa",
    "trackName" : "Paie",
    "msPlayed" : 1230
  },
  {
    "endTime" : "2022-02-12 16:09",
    "artistName" : "Kanye West",
    "trackName" : "Yikes",
    "msPlayed" : 1230
  },
  {
    "endTime" : "2022-02-12 16:09",
    "artistName" : "IAM",
    "trackName" : "L'école du micro d'argent",
    "msPlayed" : 1486
  },
  {
    "endTime" : "2022-02-12 16:09",
    "artistName" : "Lomepal",
    "trackName" : "Tout lâcher - live acoustique",
    "msPlayed" : 1137
  },
  {
    "endTime" : "2022-02-12 16:09",
    "artistName" : "Jazzy Bazz",
    "trackName" : "Private Club",
    "msPlayed" : 1184
  },
  {
    "endTime" : "2022-02-12 16:09",
    "artistName" : "Dinos",
    "trackName" : "Adeola interlude",
    "msPlayed" : 1068
  },
  {
    "endTime" : "2022-02-12 16:09",
    "artistName" : "A Boogie Wit da Hoodie",
    "trackName" : "Look Back at It",
    "msPlayed" : 1253
  },
  {
    "endTime" : "2022-02-12 16:09",
    "artistName" : "Cocoon",
    "trackName" : "Everybody Knows",
    "msPlayed" : 19969
  },
  {
    "endTime" : "2022-02-12 16:09",
    "artistName" : "Kaaris",
    "trackName" : "Deux Deux",
    "msPlayed" : 1462
  },
  {
    "endTime" : "2022-02-12 16:09",
    "artistName" : "Booba",
    "trackName" : "Ecoute bien",
    "msPlayed" : 1253
  },
  {
    "endTime" : "2022-02-12 16:09",
    "artistName" : "Kanye West",
    "trackName" : "Wolves",
    "msPlayed" : 743
  },
  {
    "endTime" : "2022-02-12 16:09",
    "artistName" : "Nekfeu",
    "trackName" : "Nekketsu",
    "msPlayed" : 1044
  },
  {
    "endTime" : "2022-02-12 16:09",
    "artistName" : "Alpha Wann",
    "trackName" : "LA LUMIÈRE DANS LE NOIR",
    "msPlayed" : 1695
  },
  {
    "endTime" : "2022-02-12 16:11",
    "artistName" : "Dire Straits",
    "trackName" : "Sultans Of Swing",
    "msPlayed" : 905
  },
  {
    "endTime" : "2022-02-12 16:11",
    "artistName" : "Lunatic",
    "trackName" : "La lettre",
    "msPlayed" : 1044
  },
  {
    "endTime" : "2022-02-12 16:11",
    "artistName" : "Daft Punk",
    "trackName" : "Beyond",
    "msPlayed" : 1068
  },
  {
    "endTime" : "2022-02-12 16:11",
    "artistName" : "SDM",
    "trackName" : "La zone feat. Booba",
    "msPlayed" : 2438
  },
  {
    "endTime" : "2022-02-12 16:11",
    "artistName" : "Les Sages Poètes de la rue",
    "trackName" : "Mascarade",
    "msPlayed" : 1253
  },
  {
    "endTime" : "2022-02-12 16:11",
    "artistName" : "Cœur De Pirate",
    "trackName" : "De honte et de pardon",
    "msPlayed" : 1021
  },
  {
    "endTime" : "2022-02-12 16:11",
    "artistName" : "Oasis",
    "trackName" : "Songbird",
    "msPlayed" : 882
  },
  {
    "endTime" : "2022-02-12 16:11",
    "artistName" : "Nekfeu",
    "trackName" : "De mon mieux",
    "msPlayed" : 1578
  },
  {
    "endTime" : "2022-02-12 16:11",
    "artistName" : "Stupeflip",
    "trackName" : "The Solution",
    "msPlayed" : 140294
  },
  {
    "endTime" : "2022-02-12 16:11",
    "artistName" : "Nekfeu",
    "trackName" : "Energie sombre",
    "msPlayed" : 975
  },
  {
    "endTime" : "2022-02-12 16:11",
    "artistName" : "Les Sages Poètes de la rue",
    "trackName" : "Si tu rap faux",
    "msPlayed" : 1044
  },
  {
    "endTime" : "2022-02-12 16:11",
    "artistName" : "Swing",
    "trackName" : "Pas besoin de raison",
    "msPlayed" : 1834
  },
  {
    "endTime" : "2022-02-12 16:11",
    "artistName" : "PNL",
    "trackName" : "La vie est belle",
    "msPlayed" : 1462
  },
  {
    "endTime" : "2022-02-12 16:11",
    "artistName" : "Dosseh",
    "trackName" : "Sombre gainage",
    "msPlayed" : 3877
  },
  {
    "endTime" : "2022-02-12 16:11",
    "artistName" : "The Beatles",
    "trackName" : "Girl - Remastered 2009",
    "msPlayed" : 1091
  },
  {
    "endTime" : "2022-02-12 16:15",
    "artistName" : "Bob Sinclar",
    "trackName" : "Love Generation - Radio Edit",
    "msPlayed" : 1184
  },
  {
    "endTime" : "2022-02-12 16:15",
    "artistName" : "Booba",
    "trackName" : "Ma couleur",
    "msPlayed" : 6402
  },
  {
    "endTime" : "2022-02-12 16:15",
    "artistName" : "Rainych",
    "trackName" : "Say So - Japanese Version",
    "msPlayed" : 1114
  },
  {
    "endTime" : "2022-02-12 16:15",
    "artistName" : "Rainych",
    "trackName" : "Say So - Japanese Version",
    "msPlayed" : 1486
  },
  {
    "endTime" : "2022-02-12 16:15",
    "artistName" : "Hoshi",
    "trackName" : "Te parler pour rien",
    "msPlayed" : 206280
  },
  {
    "endTime" : "2022-02-12 16:15",
    "artistName" : "Eddie Johns",
    "trackName" : "More Spell On You",
    "msPlayed" : 1369
  },
  {
    "endTime" : "2022-02-12 16:15",
    "artistName" : "Eddie Johns",
    "trackName" : "More Spell On You",
    "msPlayed" : 162
  },
  {
    "endTime" : "2022-02-12 16:18",
    "artistName" : "Vald",
    "trackName" : "Ma star",
    "msPlayed" : 200133
  },
  {
    "endTime" : "2022-02-12 16:23",
    "artistName" : "Liam Gallagher",
    "trackName" : "Cast No Shadow - Acoustic",
    "msPlayed" : 276536
  },
  {
    "endTime" : "2022-02-13 09:43",
    "artistName" : "Vald",
    "trackName" : "Chépakichui",
    "msPlayed" : 3859
  },
  {
    "endTime" : "2022-02-13 09:43",
    "artistName" : "Vald",
    "trackName" : "Regarde toi",
    "msPlayed" : 205293
  },
  {
    "endTime" : "2022-02-13 09:43",
    "artistName" : "Oasis",
    "trackName" : "Sunday Morning Call",
    "msPlayed" : 1439
  },
  {
    "endTime" : "2022-02-13 09:43",
    "artistName" : "Booba",
    "trackName" : "Ça va aller",
    "msPlayed" : 1369
  },
  {
    "endTime" : "2022-02-13 09:49",
    "artistName" : "Nekfeu",
    "trackName" : "Reuf",
    "msPlayed" : 327280
  },
  {
    "endTime" : "2022-02-13 09:52",
    "artistName" : "Alkpote",
    "trackName" : "Jamais (feat. Roméo Elvis)",
    "msPlayed" : 228786
  },
  {
    "endTime" : "2022-02-13 09:55",
    "artistName" : "Lorenzo",
    "trackName" : "MBK Rocket",
    "msPlayed" : 132386
  },
  {
    "endTime" : "2022-02-13 10:00",
    "artistName" : "Dosseh",
    "trackName" : "L'odeur du charbon - Remix",
    "msPlayed" : 307273
  },
  {
    "endTime" : "2022-02-13 10:03",
    "artistName" : "The Strokes",
    "trackName" : "Reptilia",
    "msPlayed" : 219826
  },
  {
    "endTime" : "2022-02-13 10:06",
    "artistName" : "Naps",
    "trackName" : "La kiffance",
    "msPlayed" : 179426
  },
  {
    "endTime" : "2022-02-13 11:02",
    "artistName" : "Laylow",
    "trackName" : "SPECIAL (feat. Nekfeu & Fousheé)",
    "msPlayed" : 231586
  },
  {
    "endTime" : "2022-02-13 11:06",
    "artistName" : "Luv Resval",
    "trackName" : "Hadès (feat. Lujipeka)",
    "msPlayed" : 241240
  },
  {
    "endTime" : "2022-02-13 11:09",
    "artistName" : "Georgio",
    "trackName" : "Petit prince",
    "msPlayed" : 220394
  },
  {
    "endTime" : "2022-02-13 11:13",
    "artistName" : "Mothas la Mascarade",
    "trackName" : "Good Times",
    "msPlayed" : 231746
  },
  {
    "endTime" : "2022-02-13 11:13",
    "artistName" : "Snoop Dogg",
    "trackName" : "For All My Niggaz And Bitches (feat. Tha Dogg Pound & Lady of Rage)",
    "msPlayed" : 1801
  },
  {
    "endTime" : "2022-02-13 11:13",
    "artistName" : "Alpha Wann",
    "trackName" : "aaa",
    "msPlayed" : 11958
  },
  {
    "endTime" : "2022-02-13 11:18",
    "artistName" : "Joris Delacroix",
    "trackName" : "Aiguilhe",
    "msPlayed" : 289268
  },
  {
    "endTime" : "2022-02-13 11:23",
    "artistName" : "The Blaze",
    "trackName" : "Rise",
    "msPlayed" : 286053
  },
  {
    "endTime" : "2022-02-13 11:26",
    "artistName" : "Booba",
    "trackName" : "Mona Lisa",
    "msPlayed" : 187362
  },
  {
    "endTime" : "2022-02-13 11:29",
    "artistName" : "Lefa",
    "trackName" : "Sombre",
    "msPlayed" : 1021
  },
  {
    "endTime" : "2022-02-13 11:29",
    "artistName" : "Damso",
    "trackName" : "Introduction (Damso / Lithopédion)",
    "msPlayed" : 1091
  },
  {
    "endTime" : "2022-02-13 11:29",
    "artistName" : "Cœur De Pirate",
    "trackName" : "Comme des enfants",
    "msPlayed" : 998
  },
  {
    "endTime" : "2022-02-13 11:29",
    "artistName" : "Oscar Anton",
    "trackName" : "bye bye again - Bob Sinclar Remix",
    "msPlayed" : 160322
  },
  {
    "endTime" : "2022-02-13 11:29",
    "artistName" : "Alpha Wann",
    "trackName" : "mitsubishi",
    "msPlayed" : 1021
  },
  {
    "endTime" : "2022-02-13 11:29",
    "artistName" : "PNL",
    "trackName" : "La petite voix",
    "msPlayed" : 1237
  },
  {
    "endTime" : "2022-02-13 11:29",
    "artistName" : "Swing",
    "trackName" : "Pas besoin de raison",
    "msPlayed" : 1439
  },
  {
    "endTime" : "2022-02-13 11:33",
    "artistName" : "Nekfeu",
    "trackName" : "Compte les hommes",
    "msPlayed" : 250946
  },
  {
    "endTime" : "2022-02-13 14:15",
    "artistName" : "Myth Syzer",
    "trackName" : "Jeep",
    "msPlayed" : 182733
  },
  {
    "endTime" : "2022-02-13 14:16",
    "artistName" : "Damso",
    "trackName" : "William",
    "msPlayed" : 95160
  },
  {
    "endTime" : "2022-02-13 14:19",
    "artistName" : "Enrico Macias",
    "trackName" : "L'Ile du Rhône",
    "msPlayed" : 190226
  },
  {
    "endTime" : "2022-02-13 14:39",
    "artistName" : "Casseurs Flowters",
    "trackName" : "17h04 - Prends des pièces",
    "msPlayed" : 98551
  },
  {
    "endTime" : "2022-02-13 14:43",
    "artistName" : "8noise6",
    "trackName" : "Eden",
    "msPlayed" : 238066
  },
  {
    "endTime" : "2022-02-13 14:43",
    "artistName" : "8noise6",
    "trackName" : "Medietrap ( ) [feat. Narmé, Yugo Dinero, Noise, Le Palefrenier & Le Mécréant]",
    "msPlayed" : 43230
  },
  {
    "endTime" : "2022-02-13 14:47",
    "artistName" : "8noise6",
    "trackName" : "Taffe",
    "msPlayed" : 234000
  },
  {
    "endTime" : "2022-02-13 14:48",
    "artistName" : "8noise6",
    "trackName" : "Bresom comme Bresson",
    "msPlayed" : 1507
  },
  {
    "endTime" : "2022-02-13 14:51",
    "artistName" : "8noise6",
    "trackName" : "Olidada",
    "msPlayed" : 168080
  },
  {
    "endTime" : "2022-02-13 14:53",
    "artistName" : "Kaaris",
    "trackName" : "Apocalypse",
    "msPlayed" : 151022
  },
  {
    "endTime" : "2022-02-13 14:56",
    "artistName" : "Vald",
    "trackName" : "Maudit (feat. Hamza)",
    "msPlayed" : 176613
  },
  {
    "endTime" : "2022-02-13 15:04",
    "artistName" : "Elton John",
    "trackName" : "Don't Go Breaking My Heart",
    "msPlayed" : 275440
  },
  {
    "endTime" : "2022-02-13 15:08",
    "artistName" : "ISHA",
    "trackName" : "Idole",
    "msPlayed" : 189707
  },
  {
    "endTime" : "2022-02-13 15:11",
    "artistName" : "Alkaline Trio",
    "trackName" : "Armageddon",
    "msPlayed" : 169173
  },
  {
    "endTime" : "2022-02-13 15:13",
    "artistName" : "Dinos",
    "trackName" : "Arob@se",
    "msPlayed" : 32945
  },
  {
    "endTime" : "2022-02-13 15:13",
    "artistName" : "Oasis",
    "trackName" : "Take Me Away - Remastered",
    "msPlayed" : 2902
  },
  {
    "endTime" : "2022-02-13 15:13",
    "artistName" : "Georgio",
    "trackName" : "Célébrer",
    "msPlayed" : 743
  },
  {
    "endTime" : "2022-02-13 15:16",
    "artistName" : "Jazzy Bazz",
    "trackName" : ".RAW Spleen",
    "msPlayed" : 205047
  },
  {
    "endTime" : "2022-02-13 15:19",
    "artistName" : "Vald",
    "trackName" : "Ignorant",
    "msPlayed" : 166306
  },
  {
    "endTime" : "2022-02-13 15:29",
    "artistName" : "A Boogie Wit da Hoodie",
    "trackName" : "Look Back at It",
    "msPlayed" : 179449
  },
  {
    "endTime" : "2022-02-13 15:30",
    "artistName" : "Oasis",
    "trackName" : "Columbia - Remastered",
    "msPlayed" : 9666
  },
  {
    "endTime" : "2022-02-13 15:30",
    "artistName" : "Lefa",
    "trackName" : "Black out",
    "msPlayed" : 1973
  },
  {
    "endTime" : "2022-02-13 15:35",
    "artistName" : "Luv Resval",
    "trackName" : "Hadès (feat. Lujipeka)",
    "msPlayed" : 18415
  },
  {
    "endTime" : "2022-02-13 15:35",
    "artistName" : "Salut C'est Cool",
    "trackName" : "Le silence",
    "msPlayed" : 324693
  },
  {
    "endTime" : "2022-02-13 15:36",
    "artistName" : "Sébastien Tellier",
    "trackName" : "La ritournelle",
    "msPlayed" : 14837
  },
  {
    "endTime" : "2022-02-13 15:40",
    "artistName" : "Salut C'est Cool",
    "trackName" : "Bibliothèque",
    "msPlayed" : 274106
  },
  {
    "endTime" : "2022-02-13 15:45",
    "artistName" : "Salut C'est Cool",
    "trackName" : "Les fleurs",
    "msPlayed" : 292133
  },
  {
    "endTime" : "2022-02-13 15:45",
    "artistName" : "Salut C'est Cool",
    "trackName" : "Le silence",
    "msPlayed" : 1207
  },
  {
    "endTime" : "2022-02-13 15:48",
    "artistName" : "Nekfeu",
    "trackName" : "Koala mouillé",
    "msPlayed" : 16657
  },
  {
    "endTime" : "2022-02-13 15:48",
    "artistName" : "Vald",
    "trackName" : "Maudit (feat. Hamza)",
    "msPlayed" : 176613
  },
  {
    "endTime" : "2022-02-13 15:53",
    "artistName" : "Angèle",
    "trackName" : "Tempête",
    "msPlayed" : 220406
  },
  {
    "endTime" : "2022-02-13 15:55",
    "artistName" : "Booba",
    "trackName" : "Pinocchio",
    "msPlayed" : 998
  },
  {
    "endTime" : "2022-02-13 15:55",
    "artistName" : "Nekfeu",
    "trackName" : "Deux-Trois",
    "msPlayed" : 107098
  },
  {
    "endTime" : "2022-02-13 15:55",
    "artistName" : "Laylow",
    "trackName" : "Vent de l'est",
    "msPlayed" : 2089
  },
  {
    "endTime" : "2022-02-13 15:58",
    "artistName" : "Vald",
    "trackName" : "Dernier retrait",
    "msPlayed" : 1509
  },
  {
    "endTime" : "2022-02-13 15:58",
    "artistName" : "Klub Des Loosers",
    "trackName" : "Au commencement",
    "msPlayed" : 182500
  },
  {
    "endTime" : "2022-02-13 15:58",
    "artistName" : "Georgio",
    "trackName" : "Sex, Drug & Rock'n'roll",
    "msPlayed" : 1880
  },
  {
    "endTime" : "2022-02-13 15:58",
    "artistName" : "Akhenaton",
    "trackName" : "L'Americano",
    "msPlayed" : 1459
  },
  {
    "endTime" : "2022-02-13 16:00",
    "artistName" : "Vald",
    "trackName" : "Dernier retrait",
    "msPlayed" : 121626
  },
  {
    "endTime" : "2022-02-13 16:00",
    "artistName" : "Vald",
    "trackName" : "Maudit (feat. Hamza)",
    "msPlayed" : 441
  },
  {
    "endTime" : "2022-02-13 16:02",
    "artistName" : "Kaaris",
    "trackName" : "Apocalypse",
    "msPlayed" : 94853
  },
  {
    "endTime" : "2022-02-13 16:05",
    "artistName" : "13 Block",
    "trackName" : "Balayer",
    "msPlayed" : 15147
  },
  {
    "endTime" : "2022-02-13 16:05",
    "artistName" : "Vald",
    "trackName" : "Maudit (feat. Hamza)",
    "msPlayed" : 176613
  },
  {
    "endTime" : "2022-02-13 16:08",
    "artistName" : "Vald",
    "trackName" : "Regarde toi",
    "msPlayed" : 205293
  },
  {
    "endTime" : "2022-02-13 16:09",
    "artistName" : "Shakira",
    "trackName" : "Je l'aime à mourir - Live from Paris",
    "msPlayed" : 39107
  },
  {
    "endTime" : "2022-02-13 16:51",
    "artistName" : "Tony Parker, Le Podcast",
    "trackName" : "Léna Situations : influence, entrepreneuriat et confiance en soi",
    "msPlayed" : 1515984
  },
  {
    "endTime" : "2022-02-13 16:54",
    "artistName" : "Vald",
    "trackName" : "Maudit (feat. Hamza)",
    "msPlayed" : 176613
  },
  {
    "endTime" : "2022-02-13 16:58",
    "artistName" : "Alpha Wann",
    "trackName" : "LANGAGE CRYPTÉ",
    "msPlayed" : 219026
  },
  {
    "endTime" : "2022-02-13 17:01",
    "artistName" : "Nekfeu",
    "trackName" : "Takotsubo",
    "msPlayed" : 0
  },
  {
    "endTime" : "2022-02-13 17:04",
    "artistName" : "Liam Gallagher",
    "trackName" : "Greedy Soul",
    "msPlayed" : 4164
  },
  {
    "endTime" : "2022-02-13 17:04",
    "artistName" : "Elton John",
    "trackName" : "Cold Heart - PNAU Remix",
    "msPlayed" : 1787
  },
  {
    "endTime" : "2022-02-13 17:04",
    "artistName" : "Tame Impala",
    "trackName" : "The Less I Know The Better",
    "msPlayed" : 1253
  },
  {
    "endTime" : "2022-02-13 17:04",
    "artistName" : "Vald",
    "trackName" : "Maudit (feat. Hamza)",
    "msPlayed" : 176613
  },
  {
    "endTime" : "2022-02-13 17:09",
    "artistName" : "Dua Lipa",
    "trackName" : "Love Again",
    "msPlayed" : 258004
  },
  {
    "endTime" : "2022-02-13 17:14",
    "artistName" : "The Strokes",
    "trackName" : "Not The Same Anymore",
    "msPlayed" : 337333
  },
  {
    "endTime" : "2022-02-13 17:17",
    "artistName" : "Gorillaz",
    "trackName" : "One Percent",
    "msPlayed" : 141360
  },
  {
    "endTime" : "2022-02-13 17:23",
    "artistName" : "Gringe",
    "trackName" : "Jusqu'où elle m'aime (feat. Nemir)",
    "msPlayed" : 148108
  },
  {
    "endTime" : "2022-02-13 17:44",
    "artistName" : "Kaaris",
    "trackName" : "Apocalypse",
    "msPlayed" : 230800
  },
  {
    "endTime" : "2022-02-13 17:44",
    "artistName" : "Les Sages Poètes de la rue",
    "trackName" : "J'rap pour les mino(rités)",
    "msPlayed" : 23562
  },
  {
    "endTime" : "2022-02-13 19:34",
    "artistName" : "Kaaris",
    "trackName" : "Apocalypse",
    "msPlayed" : 230800
  },
  {
    "endTime" : "2022-02-13 19:37",
    "artistName" : "Vald",
    "trackName" : "Maudit (feat. Hamza)",
    "msPlayed" : 176613
  },
  {
    "endTime" : "2022-02-13 19:41",
    "artistName" : "Vald",
    "trackName" : "Regarde toi",
    "msPlayed" : 205293
  },
  {
    "endTime" : "2022-02-13 19:43",
    "artistName" : "Vald",
    "trackName" : "Qui écoute ?",
    "msPlayed" : 167973
  },
  {
    "endTime" : "2022-02-13 19:47",
    "artistName" : "Georgio",
    "trackName" : "Célébrer",
    "msPlayed" : 220614
  },
  {
    "endTime" : "2022-02-13 19:51",
    "artistName" : "Jazzy Bazz",
    "trackName" : ".RAW Spleen",
    "msPlayed" : 205047
  },
  {
    "endTime" : "2022-02-13 19:54",
    "artistName" : "Kaaris",
    "trackName" : "Fiché S",
    "msPlayed" : 181946
  },
  {
    "endTime" : "2022-02-13 19:58",
    "artistName" : "Roberto Bellarosa",
    "trackName" : "Le coup de soleil",
    "msPlayed" : 245840
  },
  {
    "endTime" : "2022-02-13 20:01",
    "artistName" : "Vald",
    "trackName" : "Maudit (feat. Hamza)",
    "msPlayed" : 176613
  },
  {
    "endTime" : "2022-02-14 07:18",
    "artistName" : "Les Sages Poètes de la rue",
    "trackName" : "J'rap pour les mino(rités)",
    "msPlayed" : 195729
  },
  {
    "endTime" : "2022-02-14 07:21",
    "artistName" : "Nekfeu",
    "trackName" : "Egérie",
    "msPlayed" : 210453
  },
  {
    "endTime" : "2022-02-14 07:22",
    "artistName" : "Vald",
    "trackName" : "Regarde toi",
    "msPlayed" : 48688
  },
  {
    "endTime" : "2022-02-14 07:28",
    "artistName" : "Kaaris",
    "trackName" : "Deux Deux",
    "msPlayed" : 176493
  },
  {
    "endTime" : "2022-02-14 07:34",
    "artistName" : "Oasis",
    "trackName" : "Up In The Sky - Remastered",
    "msPlayed" : 268000
  },
  {
    "endTime" : "2022-02-14 07:41",
    "artistName" : "Casseurs Flowters",
    "trackName" : "Freestyle Radio Phoenix",
    "msPlayed" : 3599
  },
  {
    "endTime" : "2022-02-14 07:41",
    "artistName" : "DA Uzi",
    "trackName" : "Soirées des cités",
    "msPlayed" : 1323
  },
  {
    "endTime" : "2022-02-14 07:41",
    "artistName" : "Cœur De Pirate",
    "trackName" : "Dans la nuit",
    "msPlayed" : 61656
  },
  {
    "endTime" : "2022-02-14 07:42",
    "artistName" : "Vald",
    "trackName" : "Kid Cudi",
    "msPlayed" : 1114
  },
  {
    "endTime" : "2022-02-14 07:46",
    "artistName" : "Joris Delacroix",
    "trackName" : "Routine",
    "msPlayed" : 264200
  },
  {
    "endTime" : "2022-02-14 07:50",
    "artistName" : "Niska",
    "trackName" : "Bâtiment",
    "msPlayed" : 391
  },
  {
    "endTime" : "2022-02-14 07:50",
    "artistName" : "Tenwing",
    "trackName" : "Stolen summer",
    "msPlayed" : 232500
  },
  {
    "endTime" : "2022-02-14 07:55",
    "artistName" : "Joris Delacroix",
    "trackName" : "Aiguilhe",
    "msPlayed" : 289268
  },
  {
    "endTime" : "2022-02-14 08:01",
    "artistName" : "Joris Delacroix",
    "trackName" : "Melancolique Interlude",
    "msPlayed" : 32392
  },
  {
    "endTime" : "2022-02-14 08:01",
    "artistName" : "Joris Delacroix",
    "trackName" : "Homie",
    "msPlayed" : 254262
  },
  {
    "endTime" : "2022-02-14 09:09",
    "artistName" : "Vald",
    "trackName" : "Regarde toi",
    "msPlayed" : 6222
  },
  {
    "endTime" : "2022-02-14 09:09",
    "artistName" : "Vald",
    "trackName" : "Regarde toi",
    "msPlayed" : 205293
  },
  {
    "endTime" : "2022-02-14 09:09",
    "artistName" : "Dinos",
    "trackName" : "Moins un",
    "msPlayed" : 1398
  },
  {
    "endTime" : "2022-02-14 09:18",
    "artistName" : "Vald",
    "trackName" : "Maudit (feat. Hamza)",
    "msPlayed" : 176613
  },
  {
    "endTime" : "2022-02-14 09:21",
    "artistName" : "Weezer",
    "trackName" : "Feels Like Summer - Acoustic",
    "msPlayed" : 196363
  },
  {
    "endTime" : "2022-02-14 09:23",
    "artistName" : "Infinit'",
    "trackName" : "Programme",
    "msPlayed" : 126529
  },
  {
    "endTime" : "2022-02-14 13:14",
    "artistName" : "Bigflo & Oli",
    "trackName" : "Florian",
    "msPlayed" : 1137
  },
  {
    "endTime" : "2022-02-14 13:14",
    "artistName" : "Infinit'",
    "trackName" : "Programme",
    "msPlayed" : 208
  },
  {
    "endTime" : "2022-02-14 13:20",
    "artistName" : "Ideal J",
    "trackName" : "Le ghetto français",
    "msPlayed" : 377826
  },
  {
    "endTime" : "2022-02-14 13:33",
    "artistName" : "The Beatles",
    "trackName" : "All My Loving - Remastered 2009",
    "msPlayed" : 928
  },
  {
    "endTime" : "2022-02-14 13:33",
    "artistName" : "Freeze corleone",
    "trackName" : "Sacrifice de Masse",
    "msPlayed" : 189099
  },
  {
    "endTime" : "2022-02-14 13:36",
    "artistName" : "Stupeflip",
    "trackName" : "Understup",
    "msPlayed" : 217666
  },
  {
    "endTime" : "2022-02-14 13:39",
    "artistName" : "The Royal Concept",
    "trackName" : "On Our Way",
    "msPlayed" : 193853
  },
  {
    "endTime" : "2022-02-14 13:41",
    "artistName" : "Damso",
    "trackName" : "Smeagol",
    "msPlayed" : 114912
  },
  {
    "endTime" : "2022-02-14 13:43",
    "artistName" : "XXXTENTACION",
    "trackName" : "Voss",
    "msPlayed" : 2507
  },
  {
    "endTime" : "2022-02-14 13:43",
    "artistName" : "Tony",
    "trackName" : "Life",
    "msPlayed" : 1532
  },
  {
    "endTime" : "2022-02-14 13:43",
    "artistName" : "Lomepal",
    "trackName" : "Mômes",
    "msPlayed" : 2066
  },
  {
    "endTime" : "2022-02-14 13:43",
    "artistName" : "Freeze corleone",
    "trackName" : "Jeremy Lin",
    "msPlayed" : 1323
  },
  {
    "endTime" : "2022-02-14 13:43",
    "artistName" : "Nekfeu",
    "trackName" : "Réalité augmentée",
    "msPlayed" : 1741
  },
  {
    "endTime" : "2022-02-14 13:43",
    "artistName" : "Liam Gallagher",
    "trackName" : "Paper Crown",
    "msPlayed" : 1718
  },
  {
    "endTime" : "2022-02-14 13:43",
    "artistName" : "Dire Straits",
    "trackName" : "Lions",
    "msPlayed" : 1346
  },
  {
    "endTime" : "2022-02-14 13:43",
    "artistName" : "Dinos",
    "trackName" : "Au revoir",
    "msPlayed" : 12492
  },
  {
    "endTime" : "2022-02-14 13:43",
    "artistName" : "Casseurs Flowters",
    "trackName" : "01h47 - Change de pote",
    "msPlayed" : 97194
  },
  {
    "endTime" : "2022-02-14 13:44",
    "artistName" : "The Beatles",
    "trackName" : "Oh! Darling - 2019 Mix",
    "msPlayed" : 1253
  },
  {
    "endTime" : "2022-02-14 13:44",
    "artistName" : "Freeze corleone",
    "trackName" : "Téléphone - Extrait de CRCLR MVT SAISON II",
    "msPlayed" : 1927
  },
  {
    "endTime" : "2022-02-14 13:47",
    "artistName" : "Roland Cristal",
    "trackName" : "El Fuego de la Catalunya",
    "msPlayed" : 183321
  },
  {
    "endTime" : "2022-02-14 13:47",
    "artistName" : "Hugo TSR",
    "trackName" : "Ugotrip",
    "msPlayed" : 1160
  },
  {
    "endTime" : "2022-02-14 14:46",
    "artistName" : "The Rolling Stones",
    "trackName" : "Angie",
    "msPlayed" : 1555
  },
  {
    "endTime" : "2022-02-14 14:46",
    "artistName" : "PLK",
    "trackName" : "On sait jamais (feat. Niska)",
    "msPlayed" : 1393
  },
  {
    "endTime" : "2022-02-14 14:46",
    "artistName" : "Nekfeu",
    "trackName" : "Takotsubo",
    "msPlayed" : 1137
  },
  {
    "endTime" : "2022-02-14 14:46",
    "artistName" : "Polo & Pan",
    "trackName" : "Ani Kuni - Edit",
    "msPlayed" : 123135
  },
  {
    "endTime" : "2022-02-14 14:46",
    "artistName" : "The Beatles",
    "trackName" : "While My Guitar Gently Weeps - Remastered 2009",
    "msPlayed" : 1253
  },
  {
    "endTime" : "2022-02-14 14:49",
    "artistName" : "Booba",
    "trackName" : "Grain de sable",
    "msPlayed" : 180242
  },
  {
    "endTime" : "2022-02-14 14:54",
    "artistName" : "Oasis",
    "trackName" : "Don't Look Back In Anger - Remastered",
    "msPlayed" : 289560
  },
  {
    "endTime" : "2022-02-14 14:58",
    "artistName" : "Hamza",
    "trackName" : "Sometimes",
    "msPlayed" : 237880
  },
  {
    "endTime" : "2022-02-14 15:02",
    "artistName" : "Vald",
    "trackName" : "Ce monde est cruel",
    "msPlayed" : 184760
  },
  {
    "endTime" : "2022-02-14 15:06",
    "artistName" : "Cœur De Pirate",
    "trackName" : "Place De La République",
    "msPlayed" : 251226
  },
  {
    "endTime" : "2022-02-14 15:10",
    "artistName" : "Nekfeu",
    "trackName" : "Plume",
    "msPlayed" : 226239
  },
  {
    "endTime" : "2022-02-14 15:15",
    "artistName" : "Booba",
    "trackName" : "4G",
    "msPlayed" : 235373
  },
  {
    "endTime" : "2022-02-14 15:16",
    "artistName" : "David Bowie",
    "trackName" : "Starman - 2012 Remaster",
    "msPlayed" : 25042
  },
  {
    "endTime" : "2022-02-14 17:20",
    "artistName" : "Kaaris",
    "trackName" : "Apocalypse",
    "msPlayed" : 130774
  },
  {
    "endTime" : "2022-02-14 17:40",
    "artistName" : "Damso",
    "trackName" : "Φ. THEVIE RADIO",
    "msPlayed" : 234528
  },
  {
    "endTime" : "2022-02-14 17:43",
    "artistName" : "Ambiance Skandal",
    "trackName" : "Offishal",
    "msPlayed" : 160500
  },
  {
    "endTime" : "2022-02-14 17:46",
    "artistName" : "Damso",
    "trackName" : "911",
    "msPlayed" : 172293
  },
  {
    "endTime" : "2022-02-14 17:49",
    "artistName" : "Georgio",
    "trackName" : "Full moon",
    "msPlayed" : 178051
  },
  {
    "endTime" : "2022-02-14 17:53",
    "artistName" : "Laylow",
    "trackName" : "SPECIAL (feat. Nekfeu & Fousheé)",
    "msPlayed" : 231586
  },
  {
    "endTime" : "2022-02-14 17:55",
    "artistName" : "8ruki",
    "trackName" : "Blueface",
    "msPlayed" : 138799
  },
  {
    "endTime" : "2022-02-14 17:58",
    "artistName" : "Naps",
    "trackName" : "La kiffance",
    "msPlayed" : 179426
  },
  {
    "endTime" : "2022-02-14 18:02",
    "artistName" : "Angèle",
    "trackName" : "Taxi",
    "msPlayed" : 241280
  },
  {
    "endTime" : "2022-02-14 20:44",
    "artistName" : "Angèle",
    "trackName" : "Taxi",
    "msPlayed" : 3633
  },
  {
    "endTime" : "2022-02-14 20:48",
    "artistName" : "Kaaris",
    "trackName" : "Apocalypse",
    "msPlayed" : 230800
  },
  {
    "endTime" : "2022-02-14 21:04",
    "artistName" : "Lomepal",
    "trackName" : "Évidemment",
    "msPlayed" : 198640
  },
  {
    "endTime" : "2022-02-14 21:07",
    "artistName" : "Booba",
    "trackName" : "Ultra",
    "msPlayed" : 167025
  },
  {
    "endTime" : "2022-02-14 21:12",
    "artistName" : "Jok'air",
    "trackName" : "Sa maire aux mères",
    "msPlayed" : 272426
  },
  {
    "endTime" : "2022-02-14 21:20",
    "artistName" : "Dire Straits",
    "trackName" : "Money For Nothing",
    "msPlayed" : 504333
  },
  {
    "endTime" : "2022-02-14 21:23",
    "artistName" : "Booba",
    "trackName" : "Ça va aller",
    "msPlayed" : 163826
  },
  {
    "endTime" : "2022-02-14 21:25",
    "artistName" : "8noise6",
    "trackName" : "Olidada",
    "msPlayed" : 1462
  },
  {
    "endTime" : "2022-02-14 21:25",
    "artistName" : "XXXTENTACION",
    "trackName" : "SMASH! - feat. PnB Rock",
    "msPlayed" : 109556
  },
  {
    "endTime" : "2022-02-14 21:25",
    "artistName" : "Noel Gallagher's High Flying Birds",
    "trackName" : "Sail On",
    "msPlayed" : 11220
  },
  {
    "endTime" : "2022-02-14 21:34",
    "artistName" : "Freeze corleone",
    "trackName" : "Pas de refrain",
    "msPlayed" : 1404
  },
  {
    "endTime" : "2022-02-14 21:34",
    "artistName" : "Hugo TSR",
    "trackName" : "Périmètre",
    "msPlayed" : 1358
  },
  {
    "endTime" : "2022-02-14 21:34",
    "artistName" : "Damso",
    "trackName" : "Ψ. PASSION",
    "msPlayed" : 135395
  },
  {
    "endTime" : "2022-02-14 21:37",
    "artistName" : "Lomepal",
    "trackName" : "Regarde-moi",
    "msPlayed" : 176880
  },
  {
    "endTime" : "2022-02-14 21:37",
    "artistName" : "JSX",
    "trackName" : "POMPEII",
    "msPlayed" : 0
  },
  {
    "endTime" : "2022-02-14 21:37",
    "artistName" : "Eminem",
    "trackName" : "Stronger Than I Was",
    "msPlayed" : 18596
  },
  {
    "endTime" : "2022-02-14 21:37",
    "artistName" : "Renaud",
    "trackName" : "Dès que le vent soufflera",
    "msPlayed" : 2333
  },
  {
    "endTime" : "2022-02-14 21:37",
    "artistName" : "Michel Delpech",
    "trackName" : "Le chasseur",
    "msPlayed" : 10843
  },
  {
    "endTime" : "2022-02-14 21:37",
    "artistName" : "Dinos",
    "trackName" : "Les pleurs du mâle",
    "msPlayed" : 1056
  },
  {
    "endTime" : "2022-02-14 21:42",
    "artistName" : "Nekfeu",
    "trackName" : "Óλά Καλά",
    "msPlayed" : 303200
  },
  {
    "endTime" : "2022-02-14 21:46",
    "artistName" : "Salif",
    "trackName" : "Pour les potos incarcérés",
    "msPlayed" : 237087
  },
  {
    "endTime" : "2022-02-15 00:02",
    "artistName" : "Estas Tonne",
    "trackName" : "The Song of the Golden Dragon",
    "msPlayed" : 304940
  },
  {
    "endTime" : "2022-02-15 00:07",
    "artistName" : "Joris Delacroix",
    "trackName" : "Aiguilhe",
    "msPlayed" : 289268
  },
  {
    "endTime" : "2022-02-15 00:10",
    "artistName" : "Joris Delacroix",
    "trackName" : "Need Your Attention",
    "msPlayed" : 209372
  },
  {
    "endTime" : "2022-02-15 00:14",
    "artistName" : "Agoria",
    "trackName" : "Up All Night - Radio Edit",
    "msPlayed" : 20397
  },
  {
    "endTime" : "2022-02-15 00:14",
    "artistName" : "Fritz Kalkbrenner",
    "trackName" : "King Curtis - Edit",
    "msPlayed" : 226848
  },
  {
    "endTime" : "2022-02-15 00:17",
    "artistName" : "Vald",
    "trackName" : "Maudit (feat. Hamza)",
    "msPlayed" : 176613
  },
  {
    "endTime" : "2022-02-15 00:23",
    "artistName" : "Salut C'est Cool",
    "trackName" : "Le silence",
    "msPlayed" : 324693
  },
  {
    "endTime" : "2022-02-15 00:26",
    "artistName" : "Dosseh",
    "trackName" : "Sombre gainage",
    "msPlayed" : 172413
  },
  {
    "endTime" : "2022-02-15 00:29",
    "artistName" : "Klub Des Loosers",
    "trackName" : "Vieille branche",
    "msPlayed" : 191750
  },
  {
    "endTime" : "2022-02-15 00:32",
    "artistName" : "Lefa",
    "trackName" : "Démineur",
    "msPlayed" : 172133
  },
  {
    "endTime" : "2022-02-15 00:35",
    "artistName" : "Disiz",
    "trackName" : "Hiroshima",
    "msPlayed" : 208480
  },
  {
    "endTime" : "2022-02-15 00:38",
    "artistName" : "Dioscures",
    "trackName" : "CINÉ CLUB (feat. Laylow)",
    "msPlayed" : 192560
  },
  {
    "endTime" : "2022-02-15 00:42",
    "artistName" : "Jazzy Bazz",
    "trackName" : ".RAW Spleen",
    "msPlayed" : 205047
  },
  {
    "endTime" : "2022-02-15 00:48",
    "artistName" : "Alkpote",
    "trackName" : "Plus haut - Les marches de l’empereur Saison 3 / épisode 1",
    "msPlayed" : 367111
  },
  {
    "endTime" : "2022-02-15 00:51",
    "artistName" : "Damso",
    "trackName" : "Même issue",
    "msPlayed" : 196173
  },
  {
    "endTime" : "2022-02-15 00:54",
    "artistName" : "Kaaris",
    "trackName" : "Goulag",
    "msPlayed" : 173986
  },
  {
    "endTime" : "2022-02-15 00:57",
    "artistName" : "Cœur De Pirate",
    "trackName" : "Une complainte dans le vent",
    "msPlayed" : 181226
  },
  {
    "endTime" : "2022-02-15 01:01",
    "artistName" : "Hamza",
    "trackName" : "Addiction",
    "msPlayed" : 206571
  },
  {
    "endTime" : "2022-02-15 07:35",
    "artistName" : "IAM",
    "trackName" : "Demain, c'est loin",
    "msPlayed" : 1184
  },
  {
    "endTime" : "2022-02-15 07:35",
    "artistName" : "Daft Punk",
    "trackName" : "The Game of Love",
    "msPlayed" : 14187
  },
  {
    "endTime" : "2022-02-15 07:53",
    "artistName" : "Jazzy Bazz",
    "trackName" : ".RAW Spleen",
    "msPlayed" : 176657
  },
  {
    "endTime" : "2022-02-15 07:56",
    "artistName" : "Vald",
    "trackName" : "Maudit (feat. Hamza)",
    "msPlayed" : 176613
  },
  {
    "endTime" : "2022-02-15 07:58",
    "artistName" : "Luv Resval",
    "trackName" : "MPC",
    "msPlayed" : 82021
  },
  {
    "endTime" : "2022-02-15 08:01",
    "artistName" : "Vald",
    "trackName" : "Regarde toi",
    "msPlayed" : 195558
  },
  {
    "endTime" : "2022-02-15 08:01",
    "artistName" : "Vald",
    "trackName" : "Maudit (feat. Hamza)",
    "msPlayed" : 2066
  },
  {
    "endTime" : "2022-02-15 08:05",
    "artistName" : "Georgio",
    "trackName" : "Célébrer",
    "msPlayed" : 220614
  },
  {
    "endTime" : "2022-02-15 08:09",
    "artistName" : "Daft Punk",
    "trackName" : "Superheroes",
    "msPlayed" : 237800
  },
  {
    "endTime" : "2022-02-15 08:13",
    "artistName" : "The Weeknd",
    "trackName" : "In Your Eyes",
    "msPlayed" : 237520
  },
  {
    "endTime" : "2022-02-15 08:15",
    "artistName" : "The Weeknd",
    "trackName" : "Best Friends",
    "msPlayed" : 114404
  },
  {
    "endTime" : "2022-02-15 08:18",
    "artistName" : "Kaaris",
    "trackName" : "Apocalypse",
    "msPlayed" : 159892
  },
  {
    "endTime" : "2022-02-15 08:20",
    "artistName" : "Jazzy Bazz",
    "trackName" : "Panorama",
    "msPlayed" : 161990
  },
  {
    "endTime" : "2022-02-15 08:21",
    "artistName" : "Jazzy Bazz",
    "trackName" : "D.ieu",
    "msPlayed" : 50526
  },
  {
    "endTime" : "2022-02-15 10:39",
    "artistName" : "Jazzy Bazz",
    "trackName" : "D.ieu",
    "msPlayed" : 49090
  },
  {
    "endTime" : "2022-02-15 10:43",
    "artistName" : "Laylow",
    "trackName" : "SPECIAL (feat. Nekfeu & Fousheé)",
    "msPlayed" : 231586
  },
  {
    "endTime" : "2022-02-15 10:43",
    "artistName" : "Oxmo Puccino",
    "trackName" : "Toucher l'horizon - Remasterisé",
    "msPlayed" : 3278
  },
  {
    "endTime" : "2022-02-15 10:46",
    "artistName" : "Alpha Wann",
    "trackName" : "philly flingo",
    "msPlayed" : 173760
  },
  {
    "endTime" : "2022-02-15 10:47",
    "artistName" : "Gracy Hopkins",
    "trackName" : "MAD",
    "msPlayed" : 84224
  },
  {
    "endTime" : "2022-02-15 10:48",
    "artistName" : "Kekra",
    "trackName" : "Numéro 9",
    "msPlayed" : 31579
  },
  {
    "endTime" : "2022-02-15 10:48",
    "artistName" : "Vald",
    "trackName" : "Maudit (feat. Hamza)",
    "msPlayed" : 2925
  },
  {
    "endTime" : "2022-02-15 10:53",
    "artistName" : "Joris Delacroix",
    "trackName" : "All That Fuss",
    "msPlayed" : 34150
  },
  {
    "endTime" : "2022-02-15 10:53",
    "artistName" : "Joris Delacroix",
    "trackName" : "Aiguilhe",
    "msPlayed" : 289268
  },
  {
    "endTime" : "2022-02-15 10:58",
    "artistName" : "Joris Delacroix",
    "trackName" : "Aiguilhe",
    "msPlayed" : 289268
  },
  {
    "endTime" : "2022-02-15 11:00",
    "artistName" : "Joris Delacroix",
    "trackName" : "Be Who You Want",
    "msPlayed" : 110706
  },
  {
    "endTime" : "2022-02-15 11:05",
    "artistName" : "Joris Delacroix",
    "trackName" : "Aiguilhe",
    "msPlayed" : 289268
  },
  {
    "endTime" : "2022-02-15 11:37",
    "artistName" : "Joris Delacroix",
    "trackName" : "Routine",
    "msPlayed" : 143144
  },
  {
    "endTime" : "2022-02-15 11:42",
    "artistName" : "Joris Delacroix",
    "trackName" : "Aiguilhe",
    "msPlayed" : 289268
  },
  {
    "endTime" : "2022-02-15 11:47",
    "artistName" : "Joris Delacroix",
    "trackName" : "Funky Kong - Dualton Rework",
    "msPlayed" : 104367
  },
  {
    "endTime" : "2022-02-15 13:07",
    "artistName" : "Joris Delacroix",
    "trackName" : "Aiguilhe",
    "msPlayed" : 497319
  },
  {
    "endTime" : "2022-02-15 13:15",
    "artistName" : "Joris Delacroix",
    "trackName" : "Dumb & Clyde - Freez Funk Mix",
    "msPlayed" : 386482
  },
  {
    "endTime" : "2022-02-15 13:23",
    "artistName" : "Joris Delacroix",
    "trackName" : "Condescendance",
    "msPlayed" : 494666
  },
  {
    "endTime" : "2022-02-15 13:36",
    "artistName" : "Joris Delacroix",
    "trackName" : "Condescendance",
    "msPlayed" : 1184
  },
  {
    "endTime" : "2022-02-15 13:36",
    "artistName" : "Joris Delacroix",
    "trackName" : "She",
    "msPlayed" : 70652
  },
  {
    "endTime" : "2022-02-15 13:40",
    "artistName" : "Joris Delacroix",
    "trackName" : "Aiguilhe",
    "msPlayed" : 289268
  },
  {
    "endTime" : "2022-02-15 14:39",
    "artistName" : "Joris Delacroix",
    "trackName" : "Air France",
    "msPlayed" : 122037
  },
  {
    "endTime" : "2022-02-15 14:39",
    "artistName" : "Joris Delacroix",
    "trackName" : "Air France - Synapson Remix",
    "msPlayed" : 1648
  },
  {
    "endTime" : "2022-02-15 14:44",
    "artistName" : "Joris Delacroix",
    "trackName" : "Aiguilhe",
    "msPlayed" : 289268
  },
  {
    "endTime" : "2022-02-15 14:45",
    "artistName" : "Oliver Schories",
    "trackName" : "Palm Tree Memories - n'to Remix",
    "msPlayed" : 62362
  },
  {
    "endTime" : "2022-02-15 16:14",
    "artistName" : "Vald",
    "trackName" : "Peon (feat. Orelsan)",
    "msPlayed" : 227386
  },
  {
    "endTime" : "2022-02-15 16:25",
    "artistName" : "Vald",
    "trackName" : "Anunnaki",
    "msPlayed" : 81054
  },
  {
    "endTime" : "2022-02-15 16:29",
    "artistName" : "Kaaris",
    "trackName" : "Apocalypse",
    "msPlayed" : 230800
  },
  {
    "endTime" : "2022-02-15 16:33",
    "artistName" : "Liam Gallagher",
    "trackName" : "You Better Run",
    "msPlayed" : 204184
  },
  {
    "endTime" : "2022-02-15 16:42",
    "artistName" : "Lomepal",
    "trackName" : "1000°C - live acoustique",
    "msPlayed" : 2484
  },
  {
    "endTime" : "2022-02-15 16:42",
    "artistName" : "Renaud",
    "trackName" : "Loulou",
    "msPlayed" : 68236
  },
  {
    "endTime" : "2022-02-15 16:42",
    "artistName" : "Madcon",
    "trackName" : "Beggin - Original Version",
    "msPlayed" : 1021
  },
  {
    "endTime" : "2022-02-15 16:43",
    "artistName" : "Monroe",
    "trackName" : "Need",
    "msPlayed" : 30093
  },
  {
    "endTime" : "2022-02-15 16:46",
    "artistName" : "Drake",
    "trackName" : "War",
    "msPlayed" : 180000
  },
  {
    "endTime" : "2022-02-15 16:51",
    "artistName" : "Oasis",
    "trackName" : "The Shock Of The Lightning",
    "msPlayed" : 299946
  },
  {
    "endTime" : "2022-02-15 16:55",
    "artistName" : "Daft Punk",
    "trackName" : "Within",
    "msPlayed" : 99946
  },
  {
    "endTime" : "2022-02-15 16:58",
    "artistName" : "Kaaris",
    "trackName" : "Apocalypse",
    "msPlayed" : 146703
  },
  {
    "endTime" : "2022-02-15 16:58",
    "artistName" : "IAM",
    "trackName" : "Demain, c'est loin",
    "msPlayed" : 424463
  },
  {
    "endTime" : "2022-02-16 09:56",
    "artistName" : "Kaaris",
    "trackName" : "Apocalypse",
    "msPlayed" : 84103
  },
  {
    "endTime" : "2022-02-16 10:05",
    "artistName" : "Kaaris",
    "trackName" : "Apocalypse",
    "msPlayed" : 4648
  },
  {
    "endTime" : "2022-02-16 10:08",
    "artistName" : "Dire Straits",
    "trackName" : "Going Home - Live At Hammersmith Odeon, London/1983",
    "msPlayed" : 365493
  },
  {
    "endTime" : "2022-02-16 10:12",
    "artistName" : "Jazzy Bazz",
    "trackName" : "Le roseau",
    "msPlayed" : 196667
  },
  {
    "endTime" : "2022-02-16 10:15",
    "artistName" : "Oasis",
    "trackName" : "She's Electric - Remastered",
    "msPlayed" : 220920
  },
  {
    "endTime" : "2022-02-16 10:18",
    "artistName" : "KLOUD",
    "trackName" : "INSANE",
    "msPlayed" : 181463
  },
  {
    "endTime" : "2022-02-16 10:21",
    "artistName" : "Dosseh",
    "trackName" : "Francky",
    "msPlayed" : 6359
  },
  {
    "endTime" : "2022-02-16 10:21",
    "artistName" : "Lefa",
    "trackName" : "Seul",
    "msPlayed" : 2902
  },
  {
    "endTime" : "2022-02-16 10:24",
    "artistName" : "Véronique Sanson",
    "trackName" : "Chanson sur ma drôle de vie - Remasterisé en 2008",
    "msPlayed" : 161080
  },
  {
    "endTime" : "2022-02-16 13:37",
    "artistName" : "Vald",
    "trackName" : "Regarde toi",
    "msPlayed" : 205293
  },
  {
    "endTime" : "2022-02-16 13:40",
    "artistName" : "Vald",
    "trackName" : "Non stop",
    "msPlayed" : 196521
  },
  {
    "endTime" : "2022-02-16 13:44",
    "artistName" : "Nekfeu",
    "trackName" : "Ma dope",
    "msPlayed" : 227400
  },
  {
    "endTime" : "2022-02-16 13:44",
    "artistName" : "Ariana Grande",
    "trackName" : "7 rings",
    "msPlayed" : 2872
  },
  {
    "endTime" : "2022-02-16 13:47",
    "artistName" : "Disiz",
    "trackName" : "Life Is Good",
    "msPlayed" : 200546
  },
  {
    "endTime" : "2022-02-16 13:52",
    "artistName" : "Angèle",
    "trackName" : "Ta reine - Version orchestrale",
    "msPlayed" : 271320
  },
  {
    "endTime" : "2022-02-16 13:56",
    "artistName" : "Alpha Wann",
    "trackName" : "MACRO",
    "msPlayed" : 223106
  },
  {
    "endTime" : "2022-02-16 14:01",
    "artistName" : "Eminem",
    "trackName" : "Legacy",
    "msPlayed" : 296269
  },
  {
    "endTime" : "2022-02-16 14:04",
    "artistName" : "Cocoon",
    "trackName" : "We Do The Same",
    "msPlayed" : 176053
  },
  {
    "endTime" : "2022-02-16 14:06",
    "artistName" : "Booba",
    "trackName" : "Mon Son",
    "msPlayed" : 169840
  },
  {
    "endTime" : "2022-02-16 14:10",
    "artistName" : "Ninho",
    "trackName" : "La vie qu'on mène",
    "msPlayed" : 193443
  },
  {
    "endTime" : "2022-02-16 14:17",
    "artistName" : "Disiz",
    "trackName" : "Rap Genius",
    "msPlayed" : 451200
  },
  {
    "endTime" : "2022-02-16 14:20",
    "artistName" : "Niska",
    "trackName" : "Des flingues et des roses",
    "msPlayed" : 176000
  },
  {
    "endTime" : "2022-02-16 14:29",
    "artistName" : "Mézigue",
    "trackName" : "ZZ Paname",
    "msPlayed" : 517111
  },
  {
    "endTime" : "2022-02-16 14:51",
    "artistName" : "Liam Gallagher",
    "trackName" : "When I'm in Need",
    "msPlayed" : 240274
  },
  {
    "endTime" : "2022-02-16 14:53",
    "artistName" : "Nekfeu",
    "trackName" : "CDGLAXJFKHNDATH",
    "msPlayed" : 96896
  },
  {
    "endTime" : "2022-02-16 14:53",
    "artistName" : "Guizmo",
    "trackName" : "Demain c'est mort",
    "msPlayed" : 1300
  },
  {
    "endTime" : "2022-02-16 14:53",
    "artistName" : "Hamza",
    "trackName" : "Réel (feat. Zed)",
    "msPlayed" : 1950
  },
  {
    "endTime" : "2022-02-16 14:56",
    "artistName" : "Django Django",
    "trackName" : "Glowing in the Dark",
    "msPlayed" : 179080
  },
  {
    "endTime" : "2022-02-16 14:59",
    "artistName" : "Booba",
    "trackName" : "Ma couleur",
    "msPlayed" : 202550
  }
]